INSERT INTO `aroma_hash_tag`(aroma_hash_tag_id, aroma) VALUES (1,'무향'),(2,'꽃향'),(3,'캐러멜향'),(4,'허브향'),(5,'커피향'),(6,'소나무향'),(7,'초콜릿향'),(8,'건포도향'),(9,'스모크향'),(10,'바닐라향'),(11,'코코넛향'),(12,'홉향'),(13,'옥수수향'),(14,'보리향'),(15,'귀리향'),(16,'풀향'),(17,'곡물향'),(18,'민트향'),(19,'과일향'),(20,'바나나향'),(21,'오렌지향'),(22,'자두향'),(23,'자몽향'),(24,'복숭아향'),(25,'망고향'),(26,'귤향'),(27,'레몬향'),(28,'청포도향'),(29,'살구향');

INSERT INTO `flavor_hash_tag`(flavor_hash_tag_id, flavor) VALUES (1,'단맛'),(2,'쓴맛'),(3,'신맛'),(4,'감칠맛'),(5,'떫은맛'),(6,'드라이함'),(7,'알싸한맛'),(8,'고소한맛'),(9,'상큼한맛'),(10,'시큼한맛'),(11,'씁쓸한맛'),(12,'새콤한맛'),(13,'청량한맛');

INSERT INTO `beer_type` VALUES (1,NULL,'Ale',NULL,'에일'),(2,'Pale Ale','Ale','페일 에일','에일'),(3,'IPA','Ale','인디아 페일 에일','에일'),(4,'Amber Ale','Ale','엠버 에일','에일'),(5,'Brown Ale','Ale','브라운 에일','에일'),(6,'Scotch Ale','Ale','스카치 에일','에일'),(7,'Porter&Stout','Ale','포터&스타우트','에일'),(8,'Altbier','Ale','알트비어','에일'),(9,'Kolsch','Ale','쾰쉬','에일'),(10,'Wheat','Ale','밀맥주','에일'),(11,'Dark Wheat','Ale','흑밀맥주','에일'),(12,'American Wheat','Ale','미국식 밀맥주','에일'),(13,'Red Ale','Ale','레드 에일','에일'),(14,'Golden Ale','Ale','골든 에일 ','에일'),(15,NULL,'Lager',NULL,'라거'),(16,'Pale Lager','Lager','페일 라거','라거'),(17,'Dark Lager','Lager','다크라거','라거'),(18,'Pilsner','Lager','필스너','라거'),(19,'Dunkel','Lager','둥켈','라거'),(20,'Schwarzbier','Lager','슈바르츠 비어','라거'),(21,'Export','Lager','엑스포트','라거'),(22,'Vienna Lager','Lager','비엔나 라거','라거'),(23,'Steam beer','Lager','스팀 비어','라거'),(24,'Kellerbier','Lager','켈러비어','라거'),(25,NULL,'Bock',NULL,'복'),(26,'Maibock','Bock','마이복','복'),(27,'Doppelbock','Bock','도펠복','복'),(28,'Icebock','Bock','아이스복','복'),(29,NULL,'Radler',NULL,'라들러');

INSERT INTO `beer`(beer_id,content,english_name,beer_name,photo_path,volume,beer_type_id) VALUES (1,'오렌지 제스트의 상큼함, 밀맥주의 향긋한 아로마, 밀의 텁텁함을 없앤 깔끔한 마무리의 맥주','1866 Blanche ','1866 블랑쉬','https://firebasestorage.googleapis.com/v0/b/ssafy-01-beer-image.appspot.com/o/1866_%EB%B8%94%EB%9E%91%EC%89%AC__500ml_medium_-removebg-preview.png?alt=media&token=1663c4a3-6ad3-4de0-bbfb-1b20c360dcd2',4.5,1),(2,'맥아의 고소함과 홉의 쌉싸르함이 적절한 균형을 이루는 밝은 황금색의 라거','1866 Blonde','1866 블론드','https://firebasestorage.googleapis.com/v0/b/ssafy-01-beer-image.appspot.com/o/1866_%EB%B8%94%EB%A1%A0%EB%93%9C__500ml_medium_-removebg-preview.png?alt=media&token=ff8b2943-768c-45b0-92af-a61cffc47989',5,15),(3,'입안에서는 가벼운 탄산감과 무게감을 가지며 쌉싸름한 맛과 산미가 같이 느껴지는 베트남 맥주','333 Export Beer','333 바바바','https://firebasestorage.googleapis.com/v0/b/ssafy-01-beer-image.appspot.com/o/333_%EB%B0%94%EB%B0%94%EB%B0%94_medium_-removebg-preview.png?alt=media&token=198ba53c-e2d2-476c-8825-4357825b9bd2',5.3,16),(4,'물, 보리맥아, 홉 추출물을 제외하고 어떤 재료도 들어가지 않은 맥주. 가벼운 느낌에 깔끔한 스타일, 찬 맛에 어울리는 맥주','5.0 Original Lager Beer','5.0 오리지날 라거','https://firebasestorage.googleapis.com/v0/b/ssafy-01-beer-image.appspot.com/o/5.0_%EC%98%A4%EB%A6%AC%EC%A7%80%EB%82%A0_%EB%9D%BC%EA%B1%B0_medium_-removebg-preview.png?alt=media&token=30b7ada9-125b-4384-92a8-3ac1a443d9af',5.4,15),(5,'부드럽고 가볍게 즐기기 좋은 밀맥주','5.0 Original Weiss','5.0 오리지날 바이스','https://firebasestorage.googleapis.com/v0/b/ssafy-01-beer-image.appspot.com/o/5.0_%EC%98%A4%EB%A6%AC%EC%A7%80%EB%82%A0_%EB%B0%94%EC%9D%B4%EC%8A%A4_medium_-removebg-preview.png?alt=media&token=f29b988c-bb59-4064-b731-9ff828810517',5,10),(6,'홉의 풍미가 느껴지며 적절한 탄산감의 라이트바디 맥주','5.0 Original Pils','5.0 오리지날 필스','https://firebasestorage.googleapis.com/v0/b/ssafy-01-beer-image.appspot.com/o/5.0_%EC%98%A4%EB%A6%AC%EC%A7%80%EB%82%A0_%ED%95%84%EC%8A%A4_medium_-removebg-preview.png?alt=media&token=4a87852f-bd23-4db6-96dd-3218f5666979',5,18),(7,'깔끔하면서 레몬과 보리차향이 나는 새콤달콤한 라들러','Gaffel Lemon','가펠 레몬','https://firebasestorage.googleapis.com/v0/b/ssafy-01-beer-image.appspot.com/o/%EA%B0%80%ED%8E%A0_%EB%A0%88%EB%AA%AC_500ml_medium_-removebg-preview.png?alt=media&token=4ca2e375-424e-4231-a8b8-2f5c65167d77',2.4,29),(8,'몰트의 고소한 풍미, 화사한 홉의 맛 속에 숨겨진 절제된 레몬 맛이 느껴지는 가볍게 마시기 좋은 맥주','Gaffel Kolsch','가펠쾰쉬','https://firebasestorage.googleapis.com/v0/b/ssafy-01-beer-image.appspot.com/o/%EA%B0%80%ED%8E%A0%EC%BE%B0%EC%89%AC_medium_-removebg-preview.png?alt=media&token=7e490751-cb2e-4b89-974d-1a45a01fc8da',4.8,14),(9,'페일에일의 한국식 재해석, 열대과일과 꽃향기가 특징인 수제 맥주','Ganseo Mild Ale','강서 마일드 에일','https://firebasestorage.googleapis.com/v0/b/ssafy-01-beer-image.appspot.com/o/%EA%B0%95%EC%84%9C_%EB%A7%88%EC%9D%BC%EB%93%9C_%EC%97%90%EC%9D%BC_medium_-removebg-preview.png?alt=media&token=d782e975-52e9-497f-b8fe-4a8c7015d830',4.6,2),(10,'인디아 페일 에일의 매력인 풍부한 홉의 향을 유지하여 부드럽고 편하게 마실 수 있는 맥주. 연잎가루를 첨가해 은은하고 고풍스러운 한국적인 맛을 더한것이 특징','Gyeongbokgung Royal Pride I.P.A','경복궁','https://firebasestorage.googleapis.com/v0/b/ssafy-01-beer-image.appspot.com/o/%EA%B2%BD%EB%B3%B5%EA%B6%81-removebg-preview.png?alt=media&token=9418ea86-1142-4ec6-a79f-78c1484cbe93',4.5,3),(11,'향기롭고 부드럽고, 가볍게 마시기 좋은 맥주','gompyo','곰표','https://firebasestorage.googleapis.com/v0/b/ssafy-01-beer-image.appspot.com/o/%EA%B3%B0%ED%91%9C-removebg-preview.png?alt=media&token=8cae05c6-dcd1-426c-b515-3e4af1946677',4.5,10),(12,'시트러스향의 부드러운 맥주','gompyo summer ale','곰표 썸머에일','https://firebasestorage.googleapis.com/v0/b/ssafy-01-beer-image.appspot.com/o/%EA%B3%B0%ED%91%9C_%EC%8D%B8%EB%A8%B8%EC%97%90%EC%9D%BC-removebg-preview.png?alt=media&token=f8815edd-6cb4-44c8-a1d2-e0d92bab7803',5,14),(13,'‘괌1’ 시리즈 중 오리지날 라거로 깨끗한 피니쉬의 맥주','Guam No.1 Lager','괌1 라거','https://firebasestorage.googleapis.com/v0/b/ssafy-01-beer-image.appspot.com/o/%EA%B4%8C1_%EB%9D%BC%EA%B1%B0_medium_-removebg-preview.png?alt=media&token=3b35beac-d54b-46d7-9566-e9c23fd1fb09',5,16),(14,'부드러운 목넘김이 좋고 망고향이 은은하게 나는 맥주','Guam No.1 Banana Beer','괌1 망고','https://firebasestorage.googleapis.com/v0/b/ssafy-01-beer-image.appspot.com/o/%EA%B4%8C1_%EB%A7%9D%EA%B3%A0_medium_-removebg-preview.png?alt=media&token=9ebdc66c-330c-4785-88a8-f6095816d34f',5,15),(15,'천연 바나나 향료가 첨가되어 부드럽고 달콤한 맛을 즐기는 분들이 선호하는 맥주','Guam No.1 Mango Beer','괌1 바나나','https://firebasestorage.googleapis.com/v0/b/ssafy-01-beer-image.appspot.com/o/%EA%B4%8C1_%EB%B0%94%EB%82%98%EB%82%98_medium_-removebg-preview.png?alt=media&token=0713da84-31d3-466f-a87e-27268533bf39',5,15),(16,'마일드한 커피 같은 도시형 엠버 에일. 연한 커피 같은 깔끔한 엠버 에일로 캐러멜 몰트와 맥문동의 균형감은 도심 속의 밸런스를 표현함','Gwanghwamun Seoulite ALE','광화문','https://firebasestorage.googleapis.com/v0/b/ssafy-01-beer-image.appspot.com/o/%EA%B4%91%ED%99%94%EB%AC%B8-removebg-preview.png?alt=media&token=266363e3-c693-4221-b852-7fe55bb0097b',5,4),(17,'잘익은 당도높은 파인애플과 신선한 파파야향이 매력적인 맥주','Kukmin IPA','국민 IPA','https://firebasestorage.googleapis.com/v0/b/ssafy-01-beer-image.appspot.com/o/%EA%B5%AD%EB%AF%BC_IPA_medium_-removebg-preview.png?alt=media&token=6d092618-242b-4c30-b47c-134e5f2fcaa8',7,3),(18,'가볍고 달콤한 곡물과 풍미와 함께 쌉싸름한 맛을 느낄 수 있는 맥주','Grolsch Premium Lager','그롤쉬 프리미엄 라거','https://firebasestorage.googleapis.com/v0/b/ssafy-01-beer-image.appspot.com/o/%EA%B7%B8%EB%A1%A4%EC%89%AC_medium_-removebg-preview.png?alt=media&token=9ac34145-cf82-4d0c-9bb1-4923daa728f4',5,16),(19,'상큼한 시트러스 향이 나고 달짝지근한 맛의 부드럽고 산뜻한 맥주','Grimbergen Blanche','그림버겐 블랑쉬','https://firebasestorage.googleapis.com/v0/b/ssafy-01-beer-image.appspot.com/o/%EA%B7%B8%EB%A6%BC%EB%B2%84%EA%B2%90_%EB%B8%94%EB%9E%91%EC%89%AC_500ml_medium_-removebg-preview.png?alt=media&token=b149bac7-8190-4d9a-b67e-43258dba7a6c',6,10),(20,'레몬과 귤 향이 상큼하고 은은한 꽃향기가 달콤한 쓴맛이 없는 싱그러운 맥주','Geumgangsan Golden Ale','금강산 골든에일','https://firebasestorage.googleapis.com/v0/b/ssafy-01-beer-image.appspot.com/o/%EA%B8%88%EA%B0%95%EC%82%B0_%EA%B3%A8%EB%93%A0%EC%97%90%EC%9D%BC_medium_-removebg-preview.png?alt=media&token=5021e2c9-0922-4f78-8441-0b3bf676a4fd',4.6,14),(21,'전 세계에서 가장 사랑 받는 프리미엄 스타우트, 3백만개의 버블이 만드는 헤드가 인상적인 맥주. 맥주를 잔에 따르면 엷은 초콜릿 색이 나타나지만, 검은색으로 변하는 것이 특징','Guinness Draught','기네스 드래프트','https://firebasestorage.googleapis.com/v0/b/ssafy-01-beer-image.appspot.com/o/%EA%B8%B0%EB%84%A4%EC%8A%A4_%EB%93%9C%EB%9E%98%ED%94%84%ED%8A%B8_medium_-removebg-preview.png?alt=media&token=1a46b8ec-dfb5-4f30-9faa-21378147ce07',4.2,7),(22,'상쾌한 탄산과 맥아의 고소함, 깔끔한 맛과 향을 선사하는 라거 맥주','Kirin Ichiban','기린 이치방','https://firebasestorage.googleapis.com/v0/b/ssafy-01-beer-image.appspot.com/o/%EA%B8%B0%EB%A6%B0_%EC%9D%B4%EC%B9%98%EB%B0%A9_medium_-removebg-preview.png?alt=media&token=9876b0be-320c-4c88-a93e-a120577fcd9f',5.5,16),(23,'시트라 홉의 레몬, 오렌지의 향과 모자익 홉의 패션후르트, 블랙커런트의 향이 어우러져 고급스러운 맛을 느낄 수 있는 프리미엄 맥주','Namsan Mountain Premium Citra Ale','남산','https://firebasestorage.googleapis.com/v0/b/ssafy-01-beer-image.appspot.com/o/%EB%82%A8%EC%82%B0-removebg-preview.png?alt=media&token=daf311a3-5664-41af-9d10-946e0c60e5ef',4.5,1),(24,'부드러운 바닐라 풍미에 상큼한 오렌지 향이 나는 맥주','Dalseo Orange Ale','달서 오렌지 에일','https://firebasestorage.googleapis.com/v0/b/ssafy-01-beer-image.appspot.com/o/%EB%8B%AC%EC%84%9C_%EB%B3%91_medium_-removebg-preview.png?alt=media&token=da728dda-fb57-4362-9781-bc8d95692800',4.2,10),(25,'오렌지,감귤,청포도를 연상시키는 홉의향이 매력적인 맥주','Taegang Pale Ale','대강 페일에일','https://firebasestorage.googleapis.com/v0/b/ssafy-01-beer-image.appspot.com/o/%EB%8C%80%EA%B0%95_%ED%8E%98%EC%9D%BC%EC%97%90%EC%9D%BC_medium_-removebg-preview.png?alt=media&token=b874a4cc-b7bb-482b-9490-b993d7e455f6',4.6,2),(26,'1548년 세계최초로 밀맥주 허가를 받았으며 바나나와 감귤의 맛과 향이 나는 맥주','Degenberg Wiessbier','데겐베르그 바이스비어','https://firebasestorage.googleapis.com/v0/b/ssafy-01-beer-image.appspot.com/o/%EB%8D%B0%EA%B2%90%EB%B2%A0%EB%A5%B4%EA%B7%B8_medium_-removebg-preview.png?alt=media&token=54ca4453-984e-4eb7-8f21-8108b2c28b4b',5.3,10),(27,'레몬의 시트러스 향이 지배적으로 나타나며 달달하고 상큼한 맥주','Desperados','데스페라도스','https://firebasestorage.googleapis.com/v0/b/ssafy-01-beer-image.appspot.com/o/%EB%8D%B0%EC%8A%A4%ED%8E%98%EB%9D%BC%EB%8F%84%EC%8A%A4_medium_-removebg-preview.png?alt=media&token=fd24b047-6e8f-4c97-974e-07d3eba59bb5',5.9,15),(28,'안중근의사의 하얼빈의거 110주년을 기념해 "동양평화"의 뜻을 의미하며 출시한 맥주','Independence 1909 Ale','독립 1909 에일','https://firebasestorage.googleapis.com/v0/b/ssafy-01-beer-image.appspot.com/o/%EB%8F%85%EB%A6%BD_1909_%EC%97%90%EC%9D%BC_medium_-removebg-preview.png?alt=media&token=014063d2-58fc-4bd8-aab7-864af0c539bc',6,1),(29,'8.5% 알코올 함량이지만 풍부한 거품과 다양한 과일 향 맛을 지닌 맥주','Duvel','듀벨','https://firebasestorage.googleapis.com/v0/b/ssafy-01-beer-image.appspot.com/o/%EB%93%80%EB%B2%A8_medium_-removebg-preview.png?alt=media&token=d447554a-ce58-4547-94a5-164201a9c197',8.5,14),(30,'새콤함과 함께 열대 과일 풍미와 함께 풀향 및 홉의 쌉싸름한 풍미가 느껴지는 맥주','Lagunitas Little Sumpin','라구니타스 리틀 썸핀 썸핀 에일','https://firebasestorage.googleapis.com/v0/b/ssafy-01-beer-image.appspot.com/o/%EB%9D%BC%EA%B5%AC%EB%8B%88%ED%83%80%EC%8A%A4_%EB%A6%AC%ED%8B%80_%EC%8D%B8%ED%95%80_%EC%8D%B8%ED%95%80_%EC%97%90%EC%9D%BC_medium_-removebg-preview.png?alt=media&token=290efab7-1',6.2,2),(31,'감귤류의 과일, 열대 과일, 솔 및 허브 향과 함께 열대 과일 풍미가 느껴지는 맥주','Lagunitas IPA','라구니타스 IPA','https://firebasestorage.googleapis.com/v0/b/ssafy-01-beer-image.appspot.com/o/%EB%9D%BC%EA%B5%AC%EB%8B%88%ED%83%80%EC%8A%A4_IPA_medium_-removebg-preview.png?alt=media&token=43f9f788-891d-4f3c-a2cc-b7825ac3d34e',6.2,3),(32,'전세계 스타우트 매니아들에게 우수한 제품으로 인정받는 맥주','Lion Stout','라이언 스타우트','https://firebasestorage.googleapis.com/v0/b/ssafy-01-beer-image.appspot.com/o/%EB%9D%BC%EC%9D%B4%EC%98%A8_%EC%8A%A4%ED%83%80%EC%9A%B0%ED%8A%B8_medium_-removebg-preview.png?alt=media&token=7343d96a-c902-4433-ab8b-17538e1cf5ac',8.8,7),(33,'남아프리카공화국 맥주로 캐슬과 함께 남아공에서 가장 대표적인 맥주','Lion Lager','라이온 라거','https://firebasestorage.googleapis.com/v0/b/ssafy-01-beer-image.appspot.com/o/%EB%9D%BC%EC%9D%B4%EC%98%A8_%EB%9D%BC%EA%B1%B0_medium_-removebg-preview.png?alt=media&token=3cd4ba9b-e3c2-4f30-85c3-35718ff09b2b',4.8,16),(34,'자연과 전통에 기반을 두고 만들어지는 풍부한 프리미엄 라거 맥주','Lapin Kulta','라핀쿨타','https://firebasestorage.googleapis.com/v0/b/ssafy-01-beer-image.appspot.com/o/%EB%9D%BC%ED%95%80%EC%BF%A8%ED%83%80_medium_-removebg-preview.png?alt=media&token=ad0ddb78-51e5-49ac-a2e7-248420589a3d',5.2,16),(35,'어두운 색의 구운 카라멜 맥을 사용하였고 설탕과 옥수수를 추가하여 단맛이 강한 맥주','Leffe Brown','래페 브라운','https://firebasestorage.googleapis.com/v0/b/ssafy-01-beer-image.appspot.com/o/%EB%A0%88%EB%B2%A0%EB%B8%8C%EB%9D%BC%EC%9A%B4-removebg-preview.png?alt=media&token=6ee0e073-47df-4118-8d0b-b63bfb24535c',6.5,1),(36,'배의 향이 약간 느껴지고 끝 맛에서 약초의 향과 함께 쓴 맛이 입에 남는 맥주','Lowenbrau','레벤브로이','https://firebasestorage.googleapis.com/v0/b/ssafy-01-beer-image.appspot.com/o/%EB%A0%88%EB%B2%A4%EB%B8%8C%EB%A1%9C%EC%9D%B4_medium_-removebg-preview.png?alt=media&token=101409e7-2d8f-400c-a30a-e6ba513ac180',5.2,10),(37,'은은한 캐러멜의 달콤함, 씁쓸함을 가진 좋은 청량감을 가진 맥주','Leffe Blonde','레페 블론드','https://firebasestorage.googleapis.com/v0/b/ssafy-01-beer-image.appspot.com/o/%EB%A0%88%ED%8E%98%EB%B8%94%EB%A1%A0%EB%93%9C-removebg-preview.png?alt=media&token=171cbde1-627c-4eaf-86a4-00db955ceeeb',6.6,1),(38,'맥주 맛의 강도와 향기로운 홉의 쌉쌀함이 완벽한 조화를 이루고 있는 자연탄산의 맥주','LitovelMoravan','리토벨모라반','https://firebasestorage.googleapis.com/v0/b/ssafy-01-beer-image.appspot.com/o/%EB%A6%AC%ED%86%A0%EB%B2%A8%EB%AA%A8%EB%9D%BC%EB%B0%98_medium_-removebg-preview.png?alt=media&token=a4fe5080-d14d-44a4-b271-6195128e0486',4.6,18),(39,'향기로운 풍미와 홉의 쌉쌀한 맛의 밸런스가 잘 어우러진 오리지날 정통 체코 맥주','Litovel Classic','리토벨클래식','https://firebasestorage.googleapis.com/v0/b/ssafy-01-beer-image.appspot.com/o/%EB%A6%AC%ED%86%A0%EB%B2%A8%ED%81%B4%EB%9E%98%EC%8B%9D_medium_-removebg-preview.png?alt=media&token=79b38254-afbe-471c-8bf3-f6ff5ff24c0b',4.2,18),(40,'청량한 맛이 특징이며, 밀 맥아가 10.3%가 포함된 맥주','Reeper B. Weiss beer','리퍼비 바이스비','https://firebasestorage.googleapis.com/v0/b/ssafy-01-beer-image.appspot.com/o/%EB%A6%AC%ED%8D%BC%EB%B9%84_%EB%B0%94%EC%9D%B4%EC%8A%A4%EB%B9%84%EC%96%B4_medium_-removebg-preview.png?alt=media&token=fcc68eaa-132a-482f-829c-6470c1fb7e65',5.4,10),(41,'달달한 몰트의 향과 적절한 탄산감, 트로피컬한 과일의 풍미가 느껴지는 맥주','Reeper B. IPA','리퍼비 인디아 페일 에일','https://firebasestorage.googleapis.com/v0/b/ssafy-01-beer-image.appspot.com/o/%EB%A6%AC%ED%8D%BC%EB%B9%84_%EC%9D%B8%EB%94%94%EC%95%84_%ED%8E%98%EC%9D%BC_%EC%97%90%EC%9D%BC_medium_-removebg-preview.png?alt=media&token=61bf11b5-3119-49d2-9380-93bebb046b17',5,3),(42,'새콤달콤한 과일 향과 꽃향기가 풍부한 밀맥주','MartensWeizen','마튼즈 바이젠','https://firebasestorage.googleapis.com/v0/b/ssafy-01-beer-image.appspot.com/o/%EB%A7%88%ED%8A%BC%EC%A6%88_%EB%B0%94%EC%9D%B4%EC%A0%A0_1L_medium_-removebg-preview.png?alt=media&token=be9eb7f5-1cb8-4e97-a3eb-e35ac1412d16',5,10),(43,'필스너에 비해 진한 맥아향이 특징으로 해물요리, 매콤한 요리 등에 어울리는 맥주','MartensExport','마튼즈 엑스포트','https://firebasestorage.googleapis.com/v0/b/ssafy-01-beer-image.appspot.com/o/%EB%A7%88%ED%8A%BC%EC%A6%88_%EC%97%91%EC%8A%A4%ED%8F%AC%ED%8A%B8_1L_medium_-removebg-preview.png?alt=media&token=4aff8731-849b-45eb-b5e1-2466c2f7cb4e',5,15),(44,'특유의 강렬한 홉의 향, 적당한 탄산을 가지고 있는 맥주','Martens Pilsener','마튼즈 필스너','https://firebasestorage.googleapis.com/v0/b/ssafy-01-beer-image.appspot.com/o/%EB%A7%88%ED%8A%BC%EC%A6%88_%ED%95%84%EC%8A%A4%EB%84%88_1L_medium_-removebg-preview.png?alt=media&token=52d63e72-6036-4006-94eb-a1404b2aa49c',5,18),(45,'쓴 맛이 약해서 가볍게 먹을 수 있는 흑맥주','Malpyo','말표','https://firebasestorage.googleapis.com/v0/b/ssafy-01-beer-image.appspot.com/o/%EB%A7%90%ED%91%9C-removebg-preview.png?alt=media&token=892ce332-a53d-43d6-8810-61f12b5bbbf3',4.5,11),(46,'맥아가 많이 들어간 세븐브로이의 맥주','MacArthur','맥아더','https://firebasestorage.googleapis.com/v0/b/ssafy-01-beer-image.appspot.com/o/%EB%A7%A5%EC%95%84%EB%8D%94-removebg-preview.png?alt=media&token=96776e7d-521c-4595-a160-32c68234a7b8',4.7,4),(47,'부드러운 질감이 매력적인 맥주',"Murphy's Irish Stout",'머피스 아이리쉬 스타우트','https://firebasestorage.googleapis.com/v0/b/ssafy-01-beer-image.appspot.com/o/%EB%A8%B8%ED%94%BC%EC%8A%A4_%EC%95%84%EC%9D%B4%EB%A6%AC%EC%89%AC_%EC%8A%A4%ED%83%80%EC%9A%B0%ED%8A%B8_medium_-removebg-preview.png?alt=media&token=fc13d778-8d0f-4588-8978-a4ff1f',4,4),(48,'달콤한 옥수수 향과 맛이 나며 홉의 쓴맛이 약간 느껴지는 가벼운 맛의 맥주','Miler','밀러','https://firebasestorage.googleapis.com/v0/b/ssafy-01-beer-image.appspot.com/o/%EB%B0%80%EB%9F%AC_medium_-removebg-preview.png?alt=media&token=2f1fb4b7-0abc-4d42-a3f4-6216a0b83afd',4.7,16),(49,'약한 몰트와 홉의 맛, 향이 느껴지며 가벼운 바디감과 높은 탄산기가 특징인 맥주','MilerLite','밀러 라이트','https://firebasestorage.googleapis.com/v0/b/ssafy-01-beer-image.appspot.com/o/%EB%B0%80%EB%9F%AC_%EB%9D%BC%EC%9D%B4%ED%8A%B8_medium_-removebg-preview.png?alt=media&token=2c1fad81-2c53-4843-b295-685026f83467',4.2,15),(50,'고소한 맥아 맛이 주인공인 맥주','Warsteiner Premium Pilsner','바르슈타이너 프리미엄 필스너','https://firebasestorage.googleapis.com/v0/b/ssafy-01-beer-image.appspot.com/o/%EB%B0%94%EB%A5%B4%EC%8A%88%ED%83%80%EC%9D%B4%EB%84%88_%ED%94%84%EB%A6%AC%EB%AF%B8%EC%97%84_%ED%95%84%EC%8A%A4%EB%84%88_500ml_medium_-removebg-preview.png?alt=media&token=d3a7f8',4.8,18),(51,'발효한 라거식 흑맥주','Weidmann Schwarzbier','바이드만 슈바르츠비어','https://firebasestorage.googleapis.com/v0/b/ssafy-01-beer-image.appspot.com/o/%EB%B0%94%EC%9D%B4%EB%93%9C%EB%A7%8C_%EC%8A%88%EB%B0%94%EB%A5%B4%EC%B8%A0%EB%B9%84%EC%96%B4_medium_-removebg-preview.png?alt=media&token=e41d93ba-c89a-4d9e-9d3d-013f5cc4e70e',4.8,11),(52,'부드러운 탄산과 고소한 맛, 새콤한 레몬 같은 풍미를 느낄 수 있으며 전체적으로 가볍게 먹기 편한 맥주','Weidmann Hefeweissbier','바이드만 헤페바이스','https://firebasestorage.googleapis.com/v0/b/ssafy-01-beer-image.appspot.com/o/%EB%B0%94%EC%9D%B4%EB%93%9C%EB%A7%8C_%ED%97%A4%ED%8E%98%EB%B0%94%EC%9D%B4%EC%8A%A4_medium_-removebg-preview.png?alt=media&token=fb36bd56-a293-4478-ae21-addcd44fa39e',5.3,10),(53,'한반도에서 가장 높고 위엄있는 백두산처럼 첫 맛이 강렬한 맥주','BEAKDUSAN','백두산','https://firebasestorage.googleapis.com/v0/b/ssafy-01-beer-image.appspot.com/o/%EB%B0%B1%EB%91%90%EC%82%B0_IPA_medium_-removebg-preview.png?alt=media&token=f83b006c-36e5-41e3-afd4-d4a0527d790e',6.3,2),(54,'양털같이 부드러운 거품이 특징인 맥주','baeg-yang','백양','https://firebasestorage.googleapis.com/v0/b/ssafy-01-beer-image.appspot.com/o/%EB%B0%B1%EC%96%91-removebg-preview.png?alt=media&token=2e34fe93-cee2-470a-a59b-8493714f4c1c',5.2,22),(55,'시원 쌉싸름한 맛의 벨기에 맥주','BurgLager','버그라거','https://firebasestorage.googleapis.com/v0/b/ssafy-01-beer-image.appspot.com/o/%EB%B2%84%EA%B7%B8%EB%9D%BC%EA%B1%B0_medium_-removebg-preview.png?alt=media&token=d31f166c-df09-4b6a-8855-36fd0e267347',5,18),(56,'단 맛은 적은 편이고 씁쓸한 맛과 약간의 시큼한 맛이 느껴지는 흑맥주','Bernard Dark Lager','버나드 다크라거','https://firebasestorage.googleapis.com/v0/b/ssafy-01-beer-image.appspot.com/o/%EB%B2%84%EB%82%98%EB%93%9C_%EB%8B%A4%ED%81%AC%EB%9D%BC%EA%B1%B0_medium_-removebg-preview.png?alt=media&token=70ba5537-6c2c-47ee-91e1-1769be5378d9',5,17),(57,'새콤한 감귤류의 향, 맥아의 달콤함과 허브와 풀 같은 효모의 풍미인 맥주','Bernard Bohemian Lager','버나드 보헤미안 라거','https://firebasestorage.googleapis.com/v0/b/ssafy-01-beer-image.appspot.com/o/%EB%B2%84%EB%82%98%EB%93%9C_%EB%B3%B4%ED%97%A4%EB%AF%B8%EC%95%88_%EB%9D%BC%EA%B1%B0_medium_-removebg-preview.png?alt=media&token=d89e82fc-4a34-496c-bac3-3eb08cfb22af',4.9,15),(58,'탁한 오렌지 색을 띠며 바나나와 멜론같은 달콤함을 느낄 수 있는 맥주','Bernard Bohemian Ale','버나드 보헤미안 에일','https://firebasestorage.googleapis.com/v0/b/ssafy-01-beer-image.appspot.com/o/%EB%B2%84%EB%82%98%EB%93%9C_%EB%B3%B4%ED%97%A4%EB%AF%B8%EC%95%88_%EC%97%90%EC%9D%BC_medium_-removebg-preview.png?alt=media&token=41466d77-8375-4b17-98d2-15b8328e878c',8.2,1),(59,'미노리 마을에서 재배되는 쌀을 40% 사용해 지역 특성을 살린 맥주','Budnamu Minori Session','버드나무 미노리 세션','https://firebasestorage.googleapis.com/v0/b/ssafy-01-beer-image.appspot.com/o/%EB%B2%84%EB%93%9C%EB%82%98%EB%AC%B4_%EB%AF%B8%EB%85%B8%EB%A6%AC%EC%84%B8%EC%85%98_medium_-removebg-preview.png?alt=media&token=c80e878b-b3fc-4937-a8b7-f3f734489b41',4.6,1),(60,'짙은 호박색과 아이보리의 거품이 풍성하게 올라오는 맥주','Budnamu Baegilhong Res Ale','버드나무 백일홍 레드에일','https://firebasestorage.googleapis.com/v0/b/ssafy-01-beer-image.appspot.com/o/%EB%B2%84%EB%93%9C%EB%82%98%EB%AC%B4_%EB%B0%B1%EC%9D%BC%ED%99%8D_%EB%A0%88%EB%93%9C%EC%97%90%EC%9D%BC_medium_-removebg-preview.png?alt=media&token=c73f9de8-0077-4588-8248-a30646',6.2,13),(61,'국화와 산초 열매가 들어간 맥주','BudnamuZeumeu Blanc','버드나무 즈므블랑','https://firebasestorage.googleapis.com/v0/b/ssafy-01-beer-image.appspot.com/o/%EB%B2%84%EB%93%9C%EB%82%98%EB%AC%B4_%EC%A6%88%EB%AF%80%EB%B8%94%EB%9E%91_medium_-removebg-preview.png?alt=media&token=e30f3759-be06-4b4b-8e34-98ac71dee590',5.3,10),(62,'상당히 깔끄하고 깨끗하게 떨어지는 맛이 인상적인 맥주','Budnamu Haseulla IPA','버드나무 하슬라 IPA','https://firebasestorage.googleapis.com/v0/b/ssafy-01-beer-image.appspot.com/o/%EB%B2%84%EB%93%9C%EB%82%98%EB%AC%B4_%ED%95%98%EC%8A%AC%EB%9D%BC_IPA_medium_-removebg-preview.png?alt=media&token=30f88ec3-358e-4303-a473-5c8d3b59668b',6.1,2),(63,'북미에서 미국 스타일의 라거 맥주 가운데 가장 인기 있는 라이트 보디의 가벼운 맛의 맥주','Budweiser','버드와이저','https://firebasestorage.googleapis.com/v0/b/ssafy-01-beer-image.appspot.com/o/%EB%B2%84%EB%93%9C%EC%99%80%EC%9D%B4%EC%A0%80_medium_-removebg-preview.png?alt=media&token=f5c76b69-2169-4e99-a670-33a84a31d04d',5,16),(64,'쌉싸름한 맛이 강하고 홉 향도 잘 느껴지며 기분좋은 청량감과 담백함으로 깔끔한 맛이 나는 맥주',"Beck's Regular",'벡스레귤러','https://firebasestorage.googleapis.com/v0/b/ssafy-01-beer-image.appspot.com/o/%EB%B2%A1%EC%8A%A4%EB%A0%88%ED%81%98%EB%9F%AC_medium_-removebg-preview.png?alt=media&token=b04cb9f7-6a92-4218-a75a-b0e30146c092',5,15),(65,'세계최고의 ‘Sazz 홉’을 사용 90일 이상의 숙성 기간을 거친 맥주','Budweiser Budvar','부데요비츠키 부드바르','https://firebasestorage.googleapis.com/v0/b/ssafy-01-beer-image.appspot.com/o/%EB%B6%80%EB%8D%B0%EC%9A%94%EB%B9%84%EC%B8%A0%ED%82%A4_%EB%B6%80%EB%93%9C%EB%B0%94%EB%A5%B4_medium_-removebg-preview.png?alt=media&token=98616c51-b688-4971-8fdc-bc9180df42e9',5,18),(66,'일반 맥주들과 달리 매운 음식과의 조화를 고려한 망고에일 맥주','BuldakMaegju','불닭맥주','https://firebasestorage.googleapis.com/v0/b/ssafy-01-beer-image.appspot.com/o/%EB%B6%88%EB%8B%AD%EB%A7%A5%EC%A3%BC-removebg-preview.png?alt=media&token=64b2a67e-3eb9-4593-9da2-57103512f391',5.8,1),(67,'엷은 황금색을 띄며 가벼우면서 청량감과 적당한 탄산기를 지닌 라이트 보디의 맥주','Brunonia Premium Lagerbeer','브루노니아 프리미엄 라거','https://firebasestorage.googleapis.com/v0/b/ssafy-01-beer-image.appspot.com/o/%EB%B8%8C%EB%A3%A8%EB%85%B8%EB%8B%88%EC%95%84_%ED%94%84%EB%A6%AC%EB%AF%B8%EC%97%84%EB%9D%BC%EA%B1%B0_medium_-removebg-preview.png?alt=media&token=380db438-4f5a-4a6c-9415-0b179c7',4.8,16),(68,'반적인 에일맥주에 비해 향이 강하지 않아 에일맥주 입문자들도 편하게 즐길 수 있는 맥주','BrewDog Indie Pale Ale','브루독 페일에일','https://firebasestorage.googleapis.com/v0/b/ssafy-01-beer-image.appspot.com/o/%EB%B8%8C%EB%A3%A8%EB%8F%85_%ED%8E%98%EC%9D%BC%EC%97%90%EC%9D%BC_500ml_medium_-removebg-preview.png?alt=media&token=a7a5d240-e1a0-4726-b20c-f3fe4931a26d',4.2,2),(69,'벨기에 스타일의 화이트 에일로 출시된 맥주','BlueMoon','블루문','https://firebasestorage.googleapis.com/v0/b/ssafy-01-beer-image.appspot.com/o/%EB%B8%94%EB%A3%A8%EB%AC%B8_medium_-removebg-preview.png?alt=media&token=3b2dc217-198d-45ab-8712-087ed2ad17d4',5.4,1),(70,'감귤과 열대과일 향이 느껴지는 진한 황금색의 에일 맥주','BB Golden Ale','비비 골든에일','https://firebasestorage.googleapis.com/v0/b/ssafy-01-beer-image.appspot.com/o/%EB%B9%84%EB%B9%84_%EA%B3%A8%EB%93%A0%EC%97%90%EC%9D%BC_330ml_medium_-removebg-preview.png?alt=media&token=c343828e-41fa-405d-828c-08b05660b245',5,14),(71,'진한 커피와 다크 초콜릿 향이 풍부하게 느껴지는 묵직한 흑맥주','BB Stout','비비 스타우트','https://firebasestorage.googleapis.com/v0/b/ssafy-01-beer-image.appspot.com/o/%EB%B9%84%EB%B9%84_%EC%8A%A4%ED%83%80%EC%9A%B0%ED%8A%B8_330ml_medium_-removebg-preview.png?alt=media&token=de872614-68da-403a-b34b-512e175f8c38',5.2,7),(72,'홉과 맥아 향이 조화를 이룬 깔끔한 정통 필스너 라거','BB Pilsner','비비 필스너','https://firebasestorage.googleapis.com/v0/b/ssafy-01-beer-image.appspot.com/o/%EB%B9%84%EB%B9%84_%ED%95%84%EC%8A%A4%EB%84%88_330ml_medium_-removebg-preview.png?alt=media&token=40e60aaf-6214-41f2-99c6-bbbc0f5a2458',4.5,18),(73,'부드러운 목 넘김과 청량하고 깔끔한 맛으로 유명한 인도네시아 맥주','BinTang','빈땅','https://firebasestorage.googleapis.com/v0/b/ssafy-01-beer-image.appspot.com/o/%EB%B9%88%EB%95%85_medium_-removebg-preview.png?alt=media&token=031b168c-5002-4b57-88cc-99c0a1c4b3f5',4.7,18),(74,'홉 향과 쓴 맛 뒤에 꽃 향이 느껴지는 맥주','Samuel Adams Boston Lager','사무엘 아담스 보스턴 라거','https://firebasestorage.googleapis.com/v0/b/ssafy-01-beer-image.appspot.com/o/%EC%82%AC%EB%AC%B4%EC%97%98_%EC%95%84%EB%8B%B4%EC%8A%A4_%EB%B3%B4%EC%8A%A4%ED%84%B4_%EB%9D%BC%EA%B1%B0_medium_-removebg-preview.png?alt=media&token=b3da0237-f924-49a6-a0aa-dc291',4.9,22),(75,'부드러운 목넘김 다음에 드라이함과 시큼함이 남는 베트남 맥주','Saigon Special','사이공 스페셜','https://firebasestorage.googleapis.com/v0/b/ssafy-01-beer-image.appspot.com/o/%EC%82%AC%EC%9D%B4%EA%B3%B5_%EC%8A%A4%ED%8E%98%EC%85%9C_medium_-removebg-preview.png?alt=media&token=62f01efd-3004-4b87-91cc-07d7d0943f28',4.9,16),(76,'깔끔하고 시원한 맛이 나는 기본 맥주','San Miguel Pale Pilsen Beer','산미구엘 페일필젠 ','https://firebasestorage.googleapis.com/v0/b/ssafy-01-beer-image.appspot.com/o/%EC%82%B0%EB%AF%B8%EA%B5%AC%EC%97%98%ED%8E%98%EC%9D%BC%ED%95%84%EC%A0%A0_%EC%BA%94_medium_-removebg-preview.png?alt=media&token=10a5d8d9-8143-4207-897c-b81707647ce4',5,18),(77,'100% 몰트를 사용한 황금빛의 깔끔하고 진한 맥주','Suntory Premium Malt','산토리 프리미엄 몰트','https://firebasestorage.googleapis.com/v0/b/ssafy-01-beer-image.appspot.com/o/%EC%82%B0%ED%86%A0%EB%A6%AC_medium_-removebg-preview.png?alt=media&token=416d2da9-aac8-4021-8edb-884c18100c92',5.5,16),(78,'상쾌하고 완벽하게 균형잡힌 맥주','Sapporo Premium Beer','삿포로 프리미엄','https://firebasestorage.googleapis.com/v0/b/ssafy-01-beer-image.appspot.com/o/%EC%82%BF%ED%8F%AC%EB%A1%9C_medium_-removebg-preview.png?alt=media&token=90e35b0d-399f-4697-92b2-b25839233a04',4.9,16),(79,'홉의 깔끔한 쓴맛과 맥아의 단맛이 조화를 이루고 홉향이 느껴지는 맥주','Seoul Soul Ale','서울 에일','https://firebasestorage.googleapis.com/v0/b/ssafy-01-beer-image.appspot.com/o/%EC%84%9C%EC%9A%B8_%EC%97%90%EC%9D%BC_medium_-removebg-preview.png?alt=media&token=1336b5c6-3411-4c93-98d7-b57131e75de8',5,2),(80,'독일 맥주 순수령 기준에 부합하는 제주도의 맑은 물을 이용해 만든 맥주','Seongsan Ilchulbong Ale','성산일출봉','https://firebasestorage.googleapis.com/v0/b/ssafy-01-beer-image.appspot.com/o/%EC%84%B1%EC%82%B0%EC%9D%BC%EC%B6%9C%EB%B4%89-removebg-preview.png?alt=media&token=334afb54-d4a8-4584-80c5-a7226f925a53',5.1,14),(81,'살짝 어두우면서 탁한 노란빛의 맥주. 고소하고 쓴맛이 밸런스 있는 맥주','7brau Jeolla Ale','세븐브로이 전라 에일','https://firebasestorage.googleapis.com/v0/b/ssafy-01-beer-image.appspot.com/o/%EC%84%B8%EB%B8%90%EB%B8%8C%EB%A1%9C%EC%9D%B4_%EC%A0%84%EB%9D%BC_%EC%97%90%EC%9D%BC_medium_-removebg-preview.png?alt=media&token=4a2e2c35-29be-4c3a-86ad-7e55974dabda',4.5,2),(82,'밀맥주와 자몽 원액을 섞어 만든 독일 과일 맥주','Schofferhofer Grapefruit','쉐퍼호퍼 그레이프후르츠 ','https://firebasestorage.googleapis.com/v0/b/ssafy-01-beer-image.appspot.com/o/%EC%89%90%ED%8D%BC%ED%98%B8%ED%8D%BC_%EA%B7%B8%EB%A0%88%EC%9D%B4%ED%94%84%ED%9B%84%EB%A5%B4%EC%B8%A0_%EC%BA%94_medium_-removebg-preview.png?alt=media&token=7a4a36a4-53f9-4519-b3',2.5,29),(83,'탄산이 강하고 깔끔하고 시큼한 맛이 느껴지는 샴페인 같은 독일 맥주','Schofferhofer Hefeweizen','쉐퍼호퍼 헤페바이젠','https://firebasestorage.googleapis.com/v0/b/ssafy-01-beer-image.appspot.com/o/%EC%89%90%ED%8D%BC%ED%98%B8%ED%8D%BC_%ED%97%A4%ED%8E%98%EB%B0%94%EC%9D%B4%EC%A0%A0_%EC%BA%94_medium_-removebg-preview.png?alt=media&token=6b1d5ff4-756d-4881-ac75-566a954df3a9',5,10),(84,'약간의 과일향과 함께 기분 좋은 이스트향이 느껴지는 독일 밀맥주','Schmucker Hefeweizen','슈무커 헤페바이젠','https://firebasestorage.googleapis.com/v0/b/ssafy-01-beer-image.appspot.com/o/%EC%8A%88%EB%AC%B4%EC%BB%A4_%ED%97%A4%ED%8E%98%EB%B0%94%EC%9D%B4%EC%A0%A0_500ml_medium_-removebg-preview.png?alt=media&token=0717b041-8593-4b85-982b-5ec686e327b8',5,10),(85,'기분 좋은 쌉싸름한 맛과 청량감이 느껴지는 벨기에 맥주','Stella Artios','스텔라 아르투아 ','https://firebasestorage.googleapis.com/v0/b/ssafy-01-beer-image.appspot.com/o/%EC%8A%A4%ED%85%94%EB%9D%BC%EC%95%84%EB%A5%B4%ED%88%AC%EC%95%84_%EC%BA%94_500_medium_-removebg-preview.png?alt=media&token=47fa3fb4-f2cd-442b-8807-900456b97aaa',5,16),(86,'진한 곡물향과 커피, 초콜릿 향이 어우러진 흑맥주','Steam Brew Imperial Stout','스팀브루 임페리얼 스타우트 ','https://firebasestorage.googleapis.com/v0/b/ssafy-01-beer-image.appspot.com/o/%EC%8A%A4%ED%8C%80%EB%B8%8C%EB%A3%A8_%EC%9E%84%ED%8E%98%EB%A6%AC%EC%96%BC_%EC%8A%A4%ED%83%80%EC%9A%B0%ED%8A%B8_%EC%BA%94_500ml_medium_-removebg-preview.png?alt=media&token=80fe1',7.5,7),(87,'붉은 색과 강한 향이 인상적인 IPA 맥주','Steam Brew Imperial IPA','스팀브루 임페리얼 IPA','https://firebasestorage.googleapis.com/v0/b/ssafy-01-beer-image.appspot.com/o/%EC%8A%A4%ED%8C%80%EB%B8%8C%EB%A3%A8_%EC%9E%84%ED%8E%98%EB%A6%AC%EC%96%BC_IPA_500ml_medium_-removebg-preview.png?alt=media&token=e05f2c60-2ac6-4f68-b2ba-ad667d1664d1',7.8,3),(88,'붉은 컬러와 진한 몰트 풍미가 특징인 독일 맥주','Steam Brew German Red','스팀브루 저먼 레드','https://firebasestorage.googleapis.com/v0/b/ssafy-01-beer-image.appspot.com/o/%EC%8A%A4%ED%8C%80%EB%B8%8C%EB%A3%A8_%EC%A0%80%EB%A8%BC_%EB%A0%88%EB%93%9C_%EC%BA%94_500ml_medium_-removebg-preview.png?alt=media&token=bee858db-13f5-4a23-be10-e476ff80f5fa',7.9,13),(89,'수도사들을 위해 낮은 알콜 도수와 특이한 고수향과 홉향을 느껴지는 맥주','Chimahy Gold','시메이 골드','https://firebasestorage.googleapis.com/v0/b/ssafy-01-beer-image.appspot.com/o/%EC%8B%9C%EB%A9%94%EC%9D%B4_%EA%B3%A8%EB%93%9C_medium_-removebg-preview.png?alt=media&token=762fe9de-f068-4321-b29e-a1ae754c3557',4.8,1),(90,'살구향이 살짝 느껴지는 구리빛의 부드러운 맥주','Chimahy Red','시메이 레드','https://firebasestorage.googleapis.com/v0/b/ssafy-01-beer-image.appspot.com/o/%EC%8B%9C%EB%A9%94%EC%9D%B4_%EB%A0%88%EB%93%9C_medium_-removebg-preview.png?alt=media&token=21ff336c-9b3e-4f1d-9b8e-8681ea5728cd',7,1),(91,'과일향과 캐러멜 맛이 느껴지는 수도원 맥주','Chimahy Blue','시메이 블루','https://firebasestorage.googleapis.com/v0/b/ssafy-01-beer-image.appspot.com/o/%EC%8B%9C%EB%A9%94%EC%9D%B4_%EB%B8%94%EB%A3%A8_medium_-removebg-preview.png?alt=media&token=069f8650-cba8-43fd-8ce4-19061a7fd239',8,1),(92,'특유의 쌉쌀한 맛과 건포도, 사과향이 느껴지는 맥주','Chimahy White','시메이 화이트','https://firebasestorage.googleapis.com/v0/b/ssafy-01-beer-image.appspot.com/o/%EC%8B%9C%EB%A9%94%EC%9D%B4_%ED%99%94%EC%9D%B4%ED%8A%B8_medium_-removebg-preview.png?alt=media&token=77a30ecf-8474-4c5a-bbe4-a85f4e2327f0',8,1),(93,'프리미엄 태국 맥주','Singha','싱하','https://firebasestorage.googleapis.com/v0/b/ssafy-01-beer-image.appspot.com/o/%EC%8B%B1%ED%95%98_medium_-removebg-preview.png?alt=media&token=9457a891-5231-4307-b747-479106ed5e9e',5,16),(94,'사과맛 탄산음료에 술을 탄 느낌, 모르고 마시면 술이 맞는지 잘 알 수 없는 맛','Somersby','써머스비','https://firebasestorage.googleapis.com/v0/b/ssafy-01-beer-image.appspot.com/o/%EC%8D%A8%EB%A8%B8%EC%8A%A4%EB%B9%84_medium_-removebg-preview.png?alt=media&token=34163c18-5838-40fd-9ec1-21c9e1f0a914',4.5,29),(95,'원료인 맥아 사용량을 줄이고 옥수수를 사용한 맥주','Asahi','아사히','https://firebasestorage.googleapis.com/v0/b/ssafy-01-beer-image.appspot.com/o/%EC%95%84%EC%82%AC%ED%9E%88_medium_-removebg-preview.png?alt=media&token=6c95cab0-4920-42c3-a4f2-03220d613f65',5,16),(96,'로스트 맥아, 카라멜 맥아를 사용하여 흑맥주의 묵직한 맛과 풍부한 향을 강조한 흑맥주','Asahi Super Dry Black','아사히 슈퍼드라이 블랙','https://firebasestorage.googleapis.com/v0/b/ssafy-01-beer-image.appspot.com/o/%EC%95%84%EC%82%AC%ED%9E%88_%EC%88%98%ED%8D%BC%EB%93%9C%EB%9D%BC%EC%9D%B4_%EB%B8%94%EB%9E%99_medium_-removebg-preview.png?alt=media&token=d59f9d07-1902-4d4c-83ca-9e4eba636333',5.5,15),(97,'자꾸 떠오르는 지난 밤처럼 쌉쌀하고 은은한 페일 에일','ARK last night','아크 라스트나잇','https://firebasestorage.googleapis.com/v0/b/ssafy-01-beer-image.appspot.com/o/%EC%95%84%ED%81%AC_%EB%9D%BC%EC%8A%A4%ED%8A%B8%EB%82%98%EC%9E%87_medium_-removebg-preview.png?alt=media&token=a35fedd5-ac91-4bc5-b6e7-8e073f11a998',5,2),(98,'황홀하게 진하고 강렬한 풍미의 IPA, 한국에서 태어난 미국식 IPA','ARK Be High','아크 비하이','https://firebasestorage.googleapis.com/v0/b/ssafy-01-beer-image.appspot.com/o/%EC%95%84%ED%81%AC_%EB%B9%84%ED%95%98%EC%9D%B4_medium_-removebg-preview.png?alt=media&token=885076f0-f6c5-426f-8d35-d1928415b220',7,3),(99,'달달하고 향긋한 향과 고소한 맥주','Amstel','암스텔','https://firebasestorage.googleapis.com/v0/b/ssafy-01-beer-image.appspot.com/o/%EC%95%94%EC%8A%A4%ED%85%94_500ml_medium_-removebg-preview.png?alt=media&token=a9ef76b2-17b9-47b7-97fc-45761d76e4b1',5,16),(100,'향에서는 특별한 것이 없고 적당한 청량감, 탄삼감, 가볍고 깔끔한 맥주','Angkor','앙코르','https://firebasestorage.googleapis.com/v0/b/ssafy-01-beer-image.appspot.com/o/%EC%95%99%EC%BD%94%EB%A5%B4_medium_-removebg-preview.png?alt=media&token=68a4fce2-9666-4e15-9b15-453b70c6c59c',5,16),(101,'영국 페일 에일처럼 탄산감이 터지진 않고 무게감은 가벼워 마시기에는 편한 맥주. 질감은 살짝 진득한 감이 특징','Adnams Ghost Ship','애드남스 고스트 쉽','https://firebasestorage.googleapis.com/v0/b/ssafy-01-beer-image.appspot.com/o/%EC%95%A0%EB%93%9C%EB%82%A8%EC%8A%A4_%EA%B3%A0%EC%8A%A4%ED%8A%B8%EC%89%BD_medium_-removebg-preview.png?alt=media&token=d6ef3c54-4081-48c7-85f4-d142c388563b',4.5,2),(102,'간편하게 즐기기에 최적화됨, 식전주 추천, 미국 인기 과실주','Angry Orchard','앵그리 오차드','https://firebasestorage.googleapis.com/v0/b/ssafy-01-beer-image.appspot.com/o/%EC%95%B5%EA%B7%B8%EB%A6%AC_%EC%98%A4%EC%B0%A8%EB%93%9C_medium_-removebg-preview.png?alt=media&token=8787e197-2a85-42e8-807d-9b7e3c9ff793',5,29),(103,'레트로 컨셉으로 출시된 충청지역 맥주','Yangchun','양춘맥주','https://firebasestorage.googleapis.com/v0/b/ssafy-01-beer-image.appspot.com/o/%EC%96%91%EC%B6%98%EB%A7%A5%EC%A3%BC_medium_-removebg-preview.png?alt=media&token=892b1587-abeb-4265-8955-995d0b385bbd',4.6,15),(104,'청량감이 높고, 마신 후 은은하게 퍼지는 상쾌한 과일 향과 알싸한 후추 향이 조화를 이루는 에일 맥주','YangPyeong','양평','https://firebasestorage.googleapis.com/v0/b/ssafy-01-beer-image.appspot.com/o/%EC%96%91%ED%8F%89-removebg-preview.png?alt=media&token=aebbfc31-aae8-455e-a3c8-0e5ebb9babbf',4.5,1),(105,'한국인의 입맛을 저격한 독일 맥주','UZZZZER LAGER','어쩌라거','https://firebasestorage.googleapis.com/v0/b/ssafy-01-beer-image.appspot.com/o/%EC%96%B4%EC%A9%8C%EB%9D%BC%EA%B1%B0_medium_-removebg-preview.png?alt=media&token=e5023783-f50b-4127-8126-51e6517676b7',4.1,15),(106,'담소를 나누며 한 잔 하면 딱 좋은 맥주','Edelweiss','에델바이스','https://firebasestorage.googleapis.com/v0/b/ssafy-01-beer-image.appspot.com/o/%EC%97%90%EB%8D%B8%EB%B0%94%EC%9D%B4%EC%8A%A4_medium_-removebg-preview.png?alt=media&token=b47f7c97-62fd-45e7-b4b3-1de538f67c90',5,10),(107,'복숭아 향이 강하게 느껴지는 맥주','Edelweiss Peach','에델바이스 피치','https://firebasestorage.googleapis.com/v0/b/ssafy-01-beer-image.appspot.com/o/%EC%97%90%EB%8D%B8%EB%B0%94%EC%9D%B4%EC%8A%A4_%ED%94%BC%EC%B9%98_medium_-removebg-preview.png?alt=media&token=0d455845-36f8-4153-ace9-b28108a37662',4.5,10),(108,'부담없이 마시기 좋은, 가볍고 깔끔한 성격의 둔켈바이젠','Erdinger Dunkel','에딩거 둔켈','https://firebasestorage.googleapis.com/v0/b/ssafy-01-beer-image.appspot.com/o/%EC%97%90%EB%94%A9%EA%B1%B0_%EB%91%94%EC%BC%88_medium_-removebg-preview.png?alt=media&token=bb88edcd-cee4-4c86-9fc9-ed5566932a85',5.3,11),(109,'부드러운 목넘김은 바이에른 스타일 맥주','Erdinger Weissbier','에딩거 바이스비어','https://firebasestorage.googleapis.com/v0/b/ssafy-01-beer-image.appspot.com/o/%EC%97%90%EB%94%A9%EA%B1%B0_%EB%B0%94%EC%9D%B4%EC%8A%A4%EB%B9%84%EC%96%B4_medium_-removebg-preview.png?alt=media&token=abcc7a6c-5d28-40e4-b058-809abe3a3dae',5.3,10),(110,'자글자글한 탄산의 맥주','Efes Draft','에페스 드래프트','https://firebasestorage.googleapis.com/v0/b/ssafy-01-beer-image.appspot.com/o/%EC%97%90%ED%8E%98%EC%8A%A4_%EB%93%9C%EB%9E%98%ED%94%84%ED%8A%B8_medium_-removebg-preview.png?alt=media&token=052e01e7-1cbf-431f-8427-1ed03def3da5',5,15),(111,'맥주의 3대원료인 맥아,홉,물 외에는 다른첨가물을 넣지 않은 100%ALL 몰트맥주로 부드럽고 풍부한 맛으로 깊은 여운을 주며 마지막까지 깔끔한 맛을 느낄 수 있는 맥주','Efes Malt','에페스 몰트','https://firebasestorage.googleapis.com/v0/b/ssafy-01-beer-image.appspot.com/o/%EC%97%90%ED%8E%98%EC%8A%A4_%EB%AA%B0%ED%8A%B8_medium_-removebg-preview.png?alt=media&token=7e7d0e0e-3fd5-4fb3-ae18-95b2835f889d',5,15),(112,'정통 필스너 공법의 프리미엄 맥주, 입안의 맴도는 특유의 쌉싸름한 여운이 매력적이고 터키내 시장점유율 90%의 "국민맥주"','Efes Pilsener','에페스 필스너','https://firebasestorage.googleapis.com/v0/b/ssafy-01-beer-image.appspot.com/o/%EC%97%90%ED%8E%98%EC%8A%A4_%ED%95%84%EC%8A%A4%EB%84%88_medium_-removebg-preview.png?alt=media&token=9006b9cc-fb9a-4efa-847d-3a746d2a5428',5,18),(113,'흑맥주로서의 존재감은 없는 흑맥주. 흑맥주 맛은 뒷전이고 알코올의 맛만 쓰게 남음','L Dark','엘(L) 다크','https://firebasestorage.googleapis.com/v0/b/ssafy-01-beer-image.appspot.com/o/%EC%97%98_L__%EB%8B%A4%ED%81%AC_medium_-removebg-preview.png?alt=media&token=60786c0b-c3d2-48cb-9233-d94f742519ae',4.9,17),(114,'쓴 향이 가볍지만 오래 입에 남고, "라거"라고 대놓고 이름을 붙여놓은 것에 비해 청량감과 시원한 느낌은 다소 떨어짐. 강하지 않은 탄산감과 쌉싸름한 맛을 느낄 수 있어 가볍게 마시기 좋은 맥주.','L Lager','엘(L) 라거','https://firebasestorage.googleapis.com/v0/b/ssafy-01-beer-image.appspot.com/o/%EC%97%98_L__%EB%9D%BC%EA%B1%B0_medium_-removebg-preview.png?alt=media&token=c159d094-7edd-4780-8ea2-2aa62923c520',4.9,15),(115,'부드러운 느낌에 풍만한 양감과 풍부한 향과 신맛, 그러나 깊이감은 약간 아쉽다.','L weizen','엘(L) 바이젠','https://firebasestorage.googleapis.com/v0/b/ssafy-01-beer-image.appspot.com/o/%EC%97%98_L__%EB%B0%94%EC%9D%B4%EC%A0%A0_medium_-removebg-preview.png?alt=media&token=b327e80e-a3cd-4b8c-8660-b8adc3ff414b',4.9,10),(116,'달달한 술들을 좋아하는 사람에게는 좋은 맥주','L weizen Grapefruit','엘(L) 바이젠 그레이프후르츠','https://firebasestorage.googleapis.com/v0/b/ssafy-01-beer-image.appspot.com/o/%EC%97%98_L__%EB%B0%94%EC%9D%B4%EC%A0%A0_%EA%B7%B8%EB%A0%88%EC%9D%B4%ED%94%84%ED%9B%84%EB%A5%B4%EC%B8%A0_medium_-removebg-preview.png?alt=media&token=1136d201-7b8a-476d-a330-653',2.5,10),(117,'카라멜 몰트에서 느껴지는 고소한 견과류, 커피 아로마와 전라도산 호품 보리 특유의 바디감이 훌륭한 균형을 이루며 쌉쌀한 봄바다 같은 여운을 선사하는 맥주','Yeosu Night Ale','여수','https://firebasestorage.googleapis.com/v0/b/ssafy-01-beer-image.appspot.com/o/%EC%97%AC%EC%88%98_medium_-removebg-preview.png?alt=media&token=123f6c2c-b56a-4801-8286-9fb64a673ecf',5,4),(118,'감귤의 향기로움이 느껴지는 맥주','Wolters Weizen','월터스 바이젠','https://firebasestorage.googleapis.com/v0/b/ssafy-01-beer-image.appspot.com/o/%EC%9B%94%ED%84%B0%EC%8A%A4_%EB%B0%94%EC%9D%B4%EC%A0%A0_medium_-removebg-preview.png?alt=media&token=3f2867ce-3d65-45ab-a508-358836542dfe',5.3,10),(119,'묵직함보다 가벼움이 느껴지는 맥주','Wolters Black','월터스 블랙비어','https://firebasestorage.googleapis.com/v0/b/ssafy-01-beer-image.appspot.com/o/%EC%9B%94%ED%84%B0%EC%8A%A4_%EB%B8%94%EB%9E%99%EB%B9%84%EC%96%B4_medium_-removebg-preview.png?alt=media&token=6145470e-1fe8-404b-aa98-d00697da1485',5,17),(120,'깊고 풍부한 맛이 없어서 싱거운 느낌이 나지만 깔끔하면서 시원한 맛도 느껴지는 맥주','Wolters Pilsener','월터스 필스너','https://firebasestorage.googleapis.com/v0/b/ssafy-01-beer-image.appspot.com/o/%EC%9B%94%ED%84%B0%EC%8A%A4_%ED%95%84%EC%8A%A4%EB%84%88_medium_-removebg-preview.png?alt=media&token=686f60ce-2018-45d2-80ae-00277c11fb53',4.9,18),(121,'산뜻하고 가벼운 레몬맛 맥주','OeTTINGER Radler','웨팅어 라들러','https://firebasestorage.googleapis.com/v0/b/ssafy-01-beer-image.appspot.com/o/%EC%9B%A8%ED%8C%85%EC%96%B4_%EB%9D%BC%EB%93%A4%EB%9F%AC_medium_-removebg-preview.png?alt=media&token=f9dc5430-e006-4b81-84d6-9890d597e07c',2.4,29),(122,'탄산은 그리 강하지 않으며, 목넘김이 부드러우며 맛이 깔끔한 특징인 맥주','OeTTINGER Weissbier','웨팅어 바이스','https://firebasestorage.googleapis.com/v0/b/ssafy-01-beer-image.appspot.com/o/%EC%9B%A8%ED%8C%85%EC%96%B4_%EB%B0%94%EC%9D%B4%EC%8A%A4_500ml_medium_-removebg-preview.png?alt=media&token=cf310edd-0ddf-4f25-9c0c-a6c2bab36f12',4.9,10),(123,'적당히 상큼하고 달고 쌉싸름해서 밸런스가 좋은 맥주','Oettinger Schwarz','웨팅어 슈바르츠','https://firebasestorage.googleapis.com/v0/b/ssafy-01-beer-image.appspot.com/o/%EC%9B%A8%ED%8C%85%EC%96%B4_%EC%8A%88%EB%B0%94%EB%A5%B4%EC%B8%A0_medium_-removebg-preview.png?alt=media&token=2d0a7d65-708d-4144-940d-159fa55af5cb',4.9,17),(124,'강한 탄산의 라거가 땡길 때 마시면 좋은 맥주','Oettinger festbier','웨팅어 페스트비어','https://firebasestorage.googleapis.com/v0/b/ssafy-01-beer-image.appspot.com/o/%EC%9B%A8%ED%8C%85%EC%96%B4_%ED%8E%98%EC%8A%A4%ED%8A%B8%EB%B9%84%EC%96%B4_medium_-removebg-preview.png?alt=media&token=fbbbc408-57c4-4459-b865-604a6cb457be',5.4,18),(125,'레모네이드와 비슷하지만, 탄산이 적으며 구수한 맛이 특징','Wiilan Radler','윌리안 라들러','https://firebasestorage.googleapis.com/v0/b/ssafy-01-beer-image.appspot.com/o/%EC%9C%8C%EB%A6%AC%EC%95%88_%EB%9D%BC%EB%93%A4%EB%9F%AC_500ml_medium_-removebg-preview.png?alt=media&token=f19081ca-65dd-4040-ac8a-a0fd6c78e862',2.1,29),(126,'새콤달콤한 과일 향과 꽃향기가 풍부한 밀맥주','Willian Belgian Weizen','윌리안 벨지안 바이젠','https://firebasestorage.googleapis.com/v0/b/ssafy-01-beer-image.appspot.com/o/%EC%9C%8C%EB%A6%AC%EC%95%88_%EB%B0%94%EC%9D%B4%EC%A0%A0__500ml_medium_-removebg-preview.png?alt=media&token=dcc0a246-d4ca-4d67-b05d-ba448361a2ff',5,10),(127,'강력한 홉과 몰트의 향 그리고 향기로운 곡물향에 취한 맥주','Willian Belgian Ale','윌리안 벨지안 에일','https://firebasestorage.googleapis.com/v0/b/ssafy-01-beer-image.appspot.com/o/%EC%9C%8C%EB%A6%AC%EC%95%88_%EC%97%90%EC%9D%BC_500ml_medium_-removebg-preview.png?alt=media&token=6b2bd7e4-54d1-4c19-9b2e-24add607af71',4.6,4),(128,'새콤달콤한 과일 향과 꽃향기가 풍부한 밀맥주','Willianbrau Weizen','윌리안브로이 바이젠','https://firebasestorage.googleapis.com/v0/b/ssafy-01-beer-image.appspot.com/o/%EC%9C%8C%EB%A6%AC%EC%95%88%EB%B8%8C%EB%A1%9C%EC%9D%B4_%EB%B0%94%EC%9D%B4%EC%A0%A0_medium_-removebg-preview.png?alt=media&token=27121009-0ac8-4d28-af29-0f5c57d10f1b',5,10),(129,'풍부한 홉 향기와 자몽, 귤, 꽃향기와 함께 상쾌하고 쌉싸름한 맛이 특징','Indica IPA','인디카 IPA','https://firebasestorage.googleapis.com/v0/b/ssafy-01-beer-image.appspot.com/o/%EC%9D%B8%EB%94%94%EC%B9%B4_IPA_medium_-removebg-preview.png?alt=media&token=8834e8e7-02ec-447a-8807-f8f71dc997d8',6.5,3),(130,'세계 맥주대회에서 많은 상을 받은 상큼한 향과 달리 반전있는 쌉싸름한 맛이 특징인 맥주','Pale Ale','인생에일','https://firebasestorage.googleapis.com/v0/b/ssafy-01-beer-image.appspot.com/o/%EC%9D%B8%EC%83%9D%EC%97%90%EC%9D%BC-removebg-preview.png?alt=media&token=f406646a-2116-4dc1-98ef-51101fcd067c',5.2,2),(131,'패션프루트의 상큼함과 가벼운 바디감이 어우러져 경쾌하게 즐길 수 있는 맥주','Jeju Slice','제주 슬라이스','https://firebasestorage.googleapis.com/v0/b/ssafy-01-beer-image.appspot.com/o/%EC%A0%9C%EC%A3%BC_%EC%8A%AC%EB%9D%BC%EC%9D%B4%EC%8A%A4_medium_-removebg-preview.png?alt=media&token=e43f4dfc-8725-4a7d-b304-3ed96e470148',4.1,1),(132,'제주 감귤 껍질의 상큼함과 꽃향, 시트러스함이 특징인 산뜻한 맥주','Jeju Wit Ale','제주 위트 에일','https://firebasestorage.googleapis.com/v0/b/ssafy-01-beer-image.appspot.com/o/%EC%A0%9C%EC%A3%BC_%EC%9C%84%ED%8A%B8%EC%97%90%EC%9D%BC_%EC%BA%94_medium_-removebg-preview.png?alt=media&token=50b515c9-adcb-4cb6-b6d6-22e546bf33ea',5.3,10),(133,'시트러스향이 특징이며 다양한 홉을 블렌딩하여 향이 풍부한 맥주','Jeju Pellong Ale','제주 펠롱 에일','https://firebasestorage.googleapis.com/v0/b/ssafy-01-beer-image.appspot.com/o/%EC%A0%9C%EC%A3%BC_%ED%8E%A0%EB%A1%B1_%EC%97%90%EC%9D%BC_medium_-removebg-preview.png?alt=media&token=7775336d-c182-43f9-b7ad-f8e28bf5f38e',5.5,2),(134,'쥬시후레쉬 껌 원액을 담아 과일향과 청량감이 살아있는 맥주','Juicy Fresh','쥬시후레쉬 맥주','https://firebasestorage.googleapis.com/v0/b/ssafy-01-beer-image.appspot.com/o/%EC%A5%AC%EC%8B%9C%ED%9B%84%EB%A0%88%EC%89%AC%EB%A7%A5%EC%A3%BC-removebg-preview.png?alt=media&token=27a70eaf-4cc8-4b1e-ae6d-7faca2691452',4.5,16),(135,'진한 보리의 맛과 약간의 쓴맛을 느낄 수 있는 맥주','Jin Lager','진라거','https://firebasestorage.googleapis.com/v0/b/ssafy-01-beer-image.appspot.com/o/%EC%A7%84%EB%9D%BC%EA%B1%B0-removebg-preview.png?alt=media&token=df8ef139-bec6-45ec-9e9a-ab179a42624f',5.2,16),(136,'달콤한 맛과 곡물향이 특징이며 청량감이 있는 맥주','Real Lager','찐한 맥주','https://firebasestorage.googleapis.com/v0/b/ssafy-01-beer-image.appspot.com/o/%EC%B0%90%ED%95%9C%EB%A7%A5%EC%A3%BC_medium_-removebg-preview.png?alt=media&token=8adb7544-a44a-4fba-8fd4-cc92636867ec',4.3,16),(137,'청량 시원하고 많은 탄산이 특징인 태국 대표 맥주','Chang Classic','창 클래식','https://firebasestorage.googleapis.com/v0/b/ssafy-01-beer-image.appspot.com/o/%EC%B0%BD%EB%A7%A5%EC%A3%BC_%EC%BA%94_medium_-removebg-preview.png?alt=media&token=0c07d4fe-8308-4e56-985f-1aa8a4f3ab3e',5,16),(138,'배달의 민족이 THEBOOTH와 함께 만든 맥주로 상큼한 향을 가진 맥주','Chimmeliale','치믈리에일','https://firebasestorage.googleapis.com/v0/b/ssafy-01-beer-image.appspot.com/o/%EC%B9%98%EB%AF%88%EB%A6%AC_%EC%97%90%EC%9D%BC_medium_-removebg-preview.png?alt=media&token=003add2c-ad59-4374-b1bb-116b97dd6f12',5,2),(139,'씁쓸한 맛이 적고 시원한 청량감을 주는 맥주','Tsingtao','칭따오','https://firebasestorage.googleapis.com/v0/b/ssafy-01-beer-image.appspot.com/o/%EC%B9%AD%EB%94%B0%EC%98%A4_%EC%BA%94_medium_-removebg-preview.png?alt=media&token=2cae4e97-535a-405c-80cd-acc416fef974',4.7,16),(140,'홉의 쌉쌀함과 쌀이 가진 부드러움의 조화를 느낄 수 있는 맥주','Tsingtao Pure Draft','칭따오 퓨어 드래프트','https://firebasestorage.googleapis.com/v0/b/ssafy-01-beer-image.appspot.com/o/%EC%B9%AD%EB%94%B0%EC%98%A4_%ED%93%A8%EC%96%B4_%EB%93%9C%EB%9E%98%ED%94%84%ED%8A%B8_medium_-removebg-preview.png?alt=media&token=4d17e12e-ed30-4869-b0c5-7e539f40e23d',4.3,16),(141,'맥주의 신선하고 톡 쏘는 맛을 느낄 수 있는 맥주','Cass Fresh','카스 프레시','https://firebasestorage.googleapis.com/v0/b/ssafy-01-beer-image.appspot.com/o/%EC%B9%B4%EC%8A%A4_%ED%94%84%EB%A0%88%EC%8B%9C_medium_-removebg-preview.png?alt=media&token=1a639041-f5de-4400-8b71-0632cef1f82c',4.5,16),(142,'구수하면서 청량감 있고 쌉사름함이 느껴지는 맥주','Kaiserdom Dark Lager Bier','카이저돔 다크','https://firebasestorage.googleapis.com/v0/b/ssafy-01-beer-image.appspot.com/o/%EC%B9%B4%EC%9D%B4%EC%A0%80%EB%8F%94_%EB%8B%A4%ED%81%AC_1L_medium_-removebg-preview.png?alt=media&token=544251c9-c14c-403d-865c-7a564f56c517',4.7,19),(143,'묵직하고 풍부한 특징을 지닌 진득한 맥주','Kaiserdom Kellerbier','카이저돔 켈러비어','https://firebasestorage.googleapis.com/v0/b/ssafy-01-beer-image.appspot.com/o/%EC%B9%B4%EC%9D%B4%EC%A0%80%EB%8F%94_%EC%BC%88%EB%9F%AC%EB%B9%84%EC%96%B4_medium_-removebg-preview.png?alt=media&token=0752b2fd-119d-4df2-81e7-f092a0873b5a',4.7,24),(144,'홉향과 연한 보리향과 함께 고소한 맛이 특징인 맥주','Kaiserdom Pilsener','카이저돔 필스너','https://firebasestorage.googleapis.com/v0/b/ssafy-01-beer-image.appspot.com/o/%EC%B9%B4%EC%9D%B4%EC%A0%80%EB%8F%94_%ED%95%84%EC%8A%A4%EB%84%88_1L_medium_-removebg-preview.png?alt=media&token=9951379e-ba93-41e4-8375-dff3c0f05c6e',4.7,18),(145,'오렌지 색과 풍성한 거품이 특징이고 바나나향이 풍부한 맥주','Kaiserdom Hefe-Weibbier','카이저돔 헤페바이스','https://firebasestorage.googleapis.com/v0/b/ssafy-01-beer-image.appspot.com/o/%EC%B9%B4%EC%9D%B4%EC%A0%80%EB%8F%94_%ED%97%A4%ED%8E%98%EB%B0%94%EC%9D%B4%EC%A0%A0_1L_medium_-removebg-preview.png?alt=media&token=f8486b13-f220-428c-8f78-6f641dea041a',4.7,10),(146,'부드럽고 깔끔한 스타일이 매력인 맥주','Cafri','카프리','https://firebasestorage.googleapis.com/v0/b/ssafy-01-beer-image.appspot.com/o/%EC%B9%B4%ED%94%84%EB%A6%AC-removebg-preview.png?alt=media&token=4213f352-7626-4dc1-9b74-f665b4ba5406',4.2,16),(147,'탁한 빛깔과 함께 전체적으로 달콤하고 고소한 느낌을 주는 맥주','Kapuziner Weibier','카프치너 바이스비어','https://firebasestorage.googleapis.com/v0/b/ssafy-01-beer-image.appspot.com/o/%EC%B9%B4%ED%94%84%EC%B9%98%EB%84%88_%EB%B0%94%EC%9D%B4%EC%8A%A4%EB%B9%84%EC%96%B4_medium_-removebg-preview.png?alt=media&token=fe7549dd-d757-4b4a-970a-1b0ecedd6cd2',5.4,10),(148,'가볍고 은은한 맛이 특징인 덴마크 대표 맥주','Carlsberg','칼스버그','https://firebasestorage.googleapis.com/v0/b/ssafy-01-beer-image.appspot.com/o/%EC%B9%BC%EC%8A%A4%EB%B2%84%EA%B7%B8_medium_-removebg-preview.png?alt=media&token=9446a42f-1cfb-4e89-a2a7-c5a52d149cc2',5,16),(149,'부드러운 홉향이 마시기 편한 맥주','Kona Big Wave','코나 빅웨이브','https://firebasestorage.googleapis.com/v0/b/ssafy-01-beer-image.appspot.com/o/%EC%BD%94%EB%82%98_%EB%B9%85%EC%9B%A8%EC%9D%B4%EB%B8%8C_medium_-removebg-preview.png?alt=media&token=09b256ea-9e20-4ddb-b576-7f89a8d9e722',4.4,14),(150,'청량괌과 목넘김이 특징인 맥주','Corona','코로나','https://firebasestorage.googleapis.com/v0/b/ssafy-01-beer-image.appspot.com/o/%EC%BD%94%EB%A1%9C%EB%82%98_%EB%B3%91_medium_-removebg-preview.png?alt=media&token=430040a2-a066-46eb-8b06-6d242f6be31e',4.6,16),(151,'단맛이 강하고 커피와 카라멜 향을 느낄 수 있는 맥주','Kozel Dark','코젤 다크','https://firebasestorage.googleapis.com/v0/b/ssafy-01-beer-image.appspot.com/o/%EC%BD%94%EC%A0%A4%EB%8B%A4%ED%81%AC_medium_-removebg-preview.png?alt=media&token=5e49c632-7b9d-4d7f-b118-fae9458c7db9',3.8,19),(152,'향긋한 홉의 향과 고소한 맛이 특징인 맥주','Kozel Lager','코젤 라거','https://firebasestorage.googleapis.com/v0/b/ssafy-01-beer-image.appspot.com/o/%EC%BD%94%EC%A0%A4_%EB%9D%BC%EA%B1%B0_medium_-removebg-preview.png?alt=media&token=8053c903-b47f-485f-bf7e-a441f89cc47a',4.6,16),(153,'고소한 향이 매력적이고 밝은 황금빛이 도는 맥주','Coors Light','쿠어스 라이트','https://firebasestorage.googleapis.com/v0/b/ssafy-01-beer-image.appspot.com/o/%EC%BF%A0%EC%96%B4%EC%8A%A4_%EB%9D%BC%EC%9D%B4%ED%8A%B8_medium_-removebg-preview.png?alt=media&token=6167a2f9-e840-4137-9b2b-eb1e6fea13cd',4.1,16),(154,'시원한 목넘김과 함께 꽃향과 단맛이 특징인 맥주','Kronenberg Lager','크로넨버그 1664 라거','https://firebasestorage.googleapis.com/v0/b/ssafy-01-beer-image.appspot.com/o/%ED%81%AC%EB%A1%9C%EB%84%A8%EB%B2%84%EA%B7%B8_1664_%EB%9D%BC%EA%B1%B0_medium_-removebg-preview.png?alt=media&token=59794bc4-09f9-41e0-82b3-2af1cb3f0c6c',5,16),(155,'상큼한 과일 맛이 특징인 밀맥주','Kronenberg Blanc','크로넨버그 1664 블랑','https://firebasestorage.googleapis.com/v0/b/ssafy-01-beer-image.appspot.com/o/%ED%81%AC%EB%A1%9C%EB%84%A8%EB%B2%84%EA%B7%B8_1664_%EB%B8%94%EB%9E%91_medium_-removebg-preview.png?alt=media&token=31937627-2e5a-48bd-b3a6-ed07e921c284',5,10),(156,'크롬바커 필스와 레몬에이드가 혼합된 라들러로 독일 혼합 순위 1위가 특징인 맥주','Krombacher Radler','크롬바커 라들러','https://firebasestorage.googleapis.com/v0/b/ssafy-01-beer-image.appspot.com/o/%ED%81%AC%EB%A1%AC%EB%B0%94%EC%BB%A4_%EB%9D%BC%EB%93%A4%EB%9F%AC_medium_-removebg-preview.png?alt=media&token=c940fbdc-d356-4113-8610-786b52291773',2.5,29),(157,'향이 깊고 거품이 풍부하며 달콤하고 부드러운 빛깔이 도는 밀맥주','Krombacher Weizen','크롬바커 바이젠','https://firebasestorage.googleapis.com/v0/b/ssafy-01-beer-image.appspot.com/o/%ED%81%AC%EB%A1%AC%EB%B0%94%EC%BB%A4_%EB%B0%94%EC%9D%B4%EC%A0%A0_medium_-removebg-preview.png?alt=media&token=bfc7cead-2f7b-43a0-b35e-1ddfdec537b9',5.3,10),(158,'강한 호프맛, 투명한 빛깔과 깊은 향이 특징이며, 15년 연속 독일 프리미엄 순위가 1위인 맥주','Krombacher Phils','크롬바커 필스','https://firebasestorage.googleapis.com/v0/b/ssafy-01-beer-image.appspot.com/o/%ED%81%AC%EB%A1%AC%EB%B0%94%EC%BB%A4_%ED%95%84%EC%8A%A4_medium_-removebg-preview.png?alt=media&token=89c88ede-0164-4f3e-b6f2-6378aa54654d',4.8,18),(159,'100% 발효원액으로 만들어 깊고 풍부한 맛이 느껴지는 맥주','Kloud','클라우드','https://firebasestorage.googleapis.com/v0/b/ssafy-01-beer-image.appspot.com/o/%ED%81%B4%EB%9D%BC%EC%9A%B0%EB%93%9C_medium_-removebg-preview.png?alt=media&token=fee3de3d-249d-4b4e-9b24-259faa9e77f5',5,16),(160,'탄산이 강하고 생맥주와 비슷한 상쾌감, 청량한 맛이 특징인 맥주','Kloud Draft','클라우드 생 드래프트','https://firebasestorage.googleapis.com/v0/b/ssafy-01-beer-image.appspot.com/o/%ED%81%B4%EB%9D%BC%EC%9A%B0%EB%93%9C_%EC%83%9D_%EB%93%9C%EB%9E%98%ED%94%84%ED%8A%B8_medium_-removebg-preview.png?alt=media&token=416f5ea6-dd51-4bc1-9963-9e39fd4ff4c6',4.5,18),(161,'구수한 곡물과 달콤한 풍미와 함께 홉의 쌉싸름함이 탄산감과 함께 잘 드러나는 맥주','Tiger','타이거','https://firebasestorage.googleapis.com/v0/b/ssafy-01-beer-image.appspot.com/o/%ED%83%80%EC%9D%B4%EA%B1%B0_%EB%A7%A5%EC%A3%BC_%EC%BA%94_medium_-removebg-preview.png?alt=media&token=7d0b3a21-6783-44c3-9224-229fc21f045d',5,18),(162,'가벼운 탄산감과 무게감이 느껴지며 달콤한 맛과 함께 오렌지와 레몬의 새콤한 맛이 느껴져 마시기 편한 맥주','Tiger Radler','타이거 라들러','https://firebasestorage.googleapis.com/v0/b/ssafy-01-beer-image.appspot.com/o/%ED%83%80%EC%9D%B4%EA%B1%B0_%EB%9D%BC%EB%93%A4%EB%9F%AC_medium_-removebg-preview.png?alt=media&token=09999275-a037-4ce6-aa4d-2338aafaeb0f',2,29),(163,'가벼운 탄산감과 무게감이 느껴지며 달콤한 맛과 함께 자몽의 새콤한 맛이 느껴져 마시기 편한 맥주','Tiger Radler Grapefruit','타이거 라들러 자몽','https://firebasestorage.googleapis.com/v0/b/ssafy-01-beer-image.appspot.com/o/%ED%83%80%EC%9D%B4%EA%B1%B0_%EB%9D%BC%EB%93%A4%EB%9F%AC_%EC%9E%90%EB%AA%BD_500ml_medium_-removebg-preview.png?alt=media&token=11261754-73cb-44a3-a760-403750b7446c',2,29),(164,'라이트하고 단맛이 강하고 마치 탄산수처럼 깔끔한것이 특징인 맥주','Terra','테라','https://firebasestorage.googleapis.com/v0/b/ssafy-01-beer-image.appspot.com/o/%ED%85%8C%EB%9D%BC_medium_-removebg-preview.png?alt=media&token=2e101cd1-dc54-4e17-8d41-88dd8e26fe50',4.6,15),(165,'목넘김과 향긋한 향이 특징인 독일 필스너','Nightcap ','퇴근길 필스너','https://firebasestorage.googleapis.com/v0/b/ssafy-01-beer-image.appspot.com/o/%ED%87%B4%EA%B7%BC%EA%B8%B8-removebg-preview.png?alt=media&token=cde7b5c0-5264-434a-98d9-d98b71603c87',4.7,18),(166,'거품은 풍성한 편이며 적은 탄산감, 달큼하면서도 고소한 향이 나고 목넘김이 부드러운 맥주','Thuringer weissbier','튀링어 바이스 비어','https://firebasestorage.googleapis.com/v0/b/ssafy-01-beer-image.appspot.com/o/%ED%8A%80%EB%A7%81%EC%96%B4_%EB%B0%94%EC%9D%B4%EC%8A%A4_%EB%B9%84%EC%96%B4_medium_-removebg-preview.png?alt=media&token=10e960cf-b216-4a7b-b56f-186e0ebe235a',4.9,10),(167,'쌉싸름한 홉의 느낌을 느낄 수 있으면서 너무 진하거나 톡 쏘는 맛이 덜해서 간단하게 마시기에 좋은 맥주','Thuringer Premium','튀링어 프리미엄','https://firebasestorage.googleapis.com/v0/b/ssafy-01-beer-image.appspot.com/o/%ED%8A%80%EB%A7%81%EC%96%B4_%ED%94%84%EB%A6%AC%EB%AF%B8%EC%97%84_medium_-removebg-preview.png?alt=media&token=7d51c391-dce8-4eb5-958c-4b77d6643eb6',4.3,16),(168,'레몬, 오렌지 등 천연과일 추출물로 원료로 한 과일쥬스와 라거 맥주를 6:4 비율로 배합하여, 상큼한 과일의 향미와 시원한 맥주의 청량감을 조화롭게 구현한 맥주','Troll Brew Lemon','트롤브루 레몬','https://firebasestorage.googleapis.com/v0/b/ssafy-01-beer-image.appspot.com/o/%ED%8A%B8%EB%A1%A4%EB%B8%8C%EB%A3%A8_%EB%A0%88%EB%AA%AC_500ml_medium_-removebg-preview.png?alt=media&token=6e2524eb-a37d-4720-bb66-bab0ae7cf42a',2.4,29),(169,'천연원료를 사용한 자몽주스를 진하고 부드러운 맛의 밀맥주와 결합하여, 상큼한 과일의 향과 맛이 풍성한 미감의 밀맥주처럼 부드러운 여운으로 이어지는 이상적인 맛을 구현한 맥주','Troll Brew Grapefruit','트롤브루 자몽','https://firebasestorage.googleapis.com/v0/b/ssafy-01-beer-image.appspot.com/o/%ED%8A%B8%EB%A1%A4%EB%B8%8C%EB%A3%A8_%EC%9E%90%EB%AA%BD_500ml_medium_-removebg-preview.png?alt=media&token=21ebced7-9ec9-4b56-8873-dd9cc1464127',2.6,29),(170,'부드러운 바디감으로 초콜릿 향과 달콤함이 입 안을 채우는 맥주','Farsons Bluelabel','파슨스 블루라벨 엠버 에일','https://firebasestorage.googleapis.com/v0/b/ssafy-01-beer-image.appspot.com/o/%ED%8C%8C%EC%8A%A8%EC%8A%A4_%EB%B8%94%EB%A3%A8%EB%9D%BC%EB%B2%A8_%EC%BA%94_medium_-removebg-preview.png?alt=media&token=763033ec-bedb-4833-a36f-c7c8dac49a96',4.7,4),(171,'도수에 비해 질감이나 무게감이 안정감 있고 차분하며 필스너 보다 쓴맛이 적은 맥주','Paulaner Munich lager','파울라너 뮌헨라거','https://firebasestorage.googleapis.com/v0/b/ssafy-01-beer-image.appspot.com/o/%ED%8C%8C%EC%9A%B8%EB%9D%BC%EB%84%88_%EB%AE%8C%ED%97%A8%EB%9D%BC%EA%B1%B0_medium_-removebg-preview.png?alt=media&token=109a6dbb-c72b-4e02-b64c-bda03f476c9f',4.9,15),(172,'전체적으로 부드럽고 약간의 달달한 맛과 볶은 몰트, 검은 빵, 초콜릿, 캐러멜의 맛이 나는 맥주','Paulaner Hefe Dunkel','파울라너 헤페둔켈','https://firebasestorage.googleapis.com/v0/b/ssafy-01-beer-image.appspot.com/o/%ED%8C%8C%EC%9A%B8%EB%9D%BC%EB%84%88_%ED%97%A4%ED%8E%98%EB%91%94%EC%BC%88_medium_-removebg-preview.png?alt=media&token=ead7a80e-baf0-4076-9b93-d22ce02bbde2',5.3,11),(173,'망고와 파인애플의 맛과 향을 가지며 적당한 쓴 맛을 가지고 있어 균형을 이루는 맥주','Paulaner Hefe-Weissbier Naturtrub','파울라너 헤페바이스','https://firebasestorage.googleapis.com/v0/b/ssafy-01-beer-image.appspot.com/o/%ED%8C%8C%EC%9A%B8%EB%9D%BC%EB%84%88_%ED%97%A4%ED%8E%98%EB%B0%94%EC%9D%B4%EC%8A%A4_medium_-removebg-preview.png?alt=media&token=40f8b4b9-6636-443e-9842-30df0144aa94',5.5,10),(174,'몰트와 홉의 향, 맛은 강하지 않고 드라이한 피니시로 끝나는 청량감 있는 가벼운 스타일의 맥주','Peroni Nastro Azzurro','페로니 나스트라즈로','https://firebasestorage.googleapis.com/v0/b/ssafy-01-beer-image.appspot.com/o/%ED%8E%98%EB%A1%9C%EB%8B%88_%EB%82%98%EC%8A%A4%ED%8A%B8%EB%9D%BC%EC%A6%88%EB%A1%9C_medium_-removebg-preview.png?alt=media&token=960f864b-b05a-40fa-8b2c-fdfb4af174bc',5.1,16),(175,'달콤한 향과 감귤류의 과일의 향이 지배적으로 나타나며 복합적인 맛과 향을 가진 맥주','Franziskaner','프란치스카너','https://firebasestorage.googleapis.com/v0/b/ssafy-01-beer-image.appspot.com/o/%ED%94%84%EB%9E%80%EC%B9%98%EC%8A%A4%EC%B9%B4%EB%84%88_medium_-removebg-preview.png?alt=media&token=04ebca4c-34df-4119-9dd3-12041adff24b',5,10),(176,'특유한 맛과 향이 나지 않은 깔끔함이 특징인 맥주','Fitz Super Clear','피츠 수퍼클리어','https://firebasestorage.googleapis.com/v0/b/ssafy-01-beer-image.appspot.com/o/%ED%94%BC%EC%B8%A0_%EC%88%98%ED%8D%BC%ED%81%B4%EB%A6%AC%EC%96%B4_medium_-removebg-preview.png?alt=media&token=bda83dab-ddc0-44c9-9c4c-346c2cb91828',4.5,16),(177,'스파이시한 아로마가 부드러운 보리몰트의 플레이버와 균형을 이루는 맥주','Pilsner Urquell','필스너 우르켈','https://firebasestorage.googleapis.com/v0/b/ssafy-01-beer-image.appspot.com/o/%ED%95%84%EC%8A%A4%EB%84%88%EC%9A%B0%EB%A5%B4%EC%BC%88_medium_-removebg-preview.png?alt=media&token=43168484-15d0-48b0-a790-8c51472fbe3c',4.4,18),(178,'중국 4대 맥주로써, 가벼운 스타일의 맥주로 약간의 쌉싸름함을 가지고 있고, 같은 중국 맥주인 칭따오 보다 부드러운것이 특징인 맥주','Harbin','하얼빈','https://firebasestorage.googleapis.com/v0/b/ssafy-01-beer-image.appspot.com/o/%ED%95%98%EC%96%BC%EB%B9%88_%EC%BA%94_medium_-removebg-preview.png?alt=media&token=220fbaec-56fe-492d-a90c-abce5eab8f0b',4.8,2),(179,'달달한 곡물 향과 맛이 먼저 나타나며 강하지 않은 홉의 맛이 이어지는 탄산기 높은 맥주','Heineken','하이네켄','https://firebasestorage.googleapis.com/v0/b/ssafy-01-beer-image.appspot.com/o/%ED%95%98%EC%9D%B4%EB%84%A4%EC%BC%84_medium_-removebg-preview.png?alt=media&token=1255c1e6-4c50-4820-8fe1-75dbbb208caf',5,16),(180,'몰트와 카라멜향이 드러나며 곡물과 초콜릿 맛이 나타나고 풍부한 탄산과 쌉싸름한 피니쉬가 인상적인 맥주','Heineken Dark','하이네켄 다크','https://firebasestorage.googleapis.com/v0/b/ssafy-01-beer-image.appspot.com/o/%ED%95%98%EC%9D%B4%EB%84%A4%EC%BC%84_%EB%8B%A4%ED%81%AC_medium_-removebg-preview.png?alt=media&token=6427d53d-2ac8-4ff2-932f-15e1ba104a66',5,17),(181,'숙성에서 여과까지 생산공정을 맥주가 얼기 직전 영하의 온도에서 제조하여 페일라거 본연의 맛을 극대화한 맥주','Hite Extra Cold','하이트 엑스트라 콜드','https://firebasestorage.googleapis.com/v0/b/ssafy-01-beer-image.appspot.com/o/%ED%95%98%EC%9D%B4%ED%8A%B8-removebg-preview.png?alt=media&token=60a106c0-3aef-473c-b73a-b710d67c9d92',4.5,16),(182,'맥아의 단 맛과 오렌지 껍질의 상큼함이 청량감을 높인 맥주','Han River Ale','한강','https://firebasestorage.googleapis.com/v0/b/ssafy-01-beer-image.appspot.com/o/%ED%95%9C%EA%B0%95-removebg-preview.png?alt=media&token=6e27116b-aa81-4eac-b5fb-b7ca82edb7ee',5.2,1),(183,'오렌지 껍질과 고수씨앗을 더해 달콤쌉싸름한 정향과 각종 신선한 과일향이 느껴지는 맥주','Hallasan wit','한라산','https://firebasestorage.googleapis.com/v0/b/ssafy-01-beer-image.appspot.com/o/%ED%95%9C%EB%9D%BC%EC%82%B0_%EC%9C%84%ED%8A%B8_medium_-removebg-preview.png?alt=media&token=43395b85-51dd-4840-981d-929090eddb6c',5.3,10),(184,'묵직하고 부드러운 느낌의 홉이 입천장과 목구멍을 상쾌하게 긁고 넘어가는 맛이 특징. 달고 고소한 쌀의 풍미가 느껴지는 맥주','Hanmac','한맥','https://firebasestorage.googleapis.com/v0/b/ssafy-01-beer-image.appspot.com/o/%ED%95%9C%EB%A7%A5-removebg-preview.png?alt=media&token=8b0b49f8-7414-4be1-9542-a5b4be225bb4',4.6,15),(185,'은은한 파인애플 향과 고소한 몰트 향의 아로마가 풍성하게 입 안을 감싸는 맥주','Haeundae Beach Ale','해운대','https://firebasestorage.googleapis.com/v0/b/ssafy-01-beer-image.appspot.com/o/%ED%95%B4%EC%9A%B4%EB%8C%80_medium_-removebg-preview.png?alt=media&token=c0212af7-d9e6-46f8-8113-749309652461',4.2,2),(186,'국산 생강을 스파이스로 사용하여 신선한 감칠맛을 더한 폭신폭신한 밀맥주로 부드러운 텍스쳐와 상큼한 오렌지 풍미를 풍성하게 느낄 수 있는 맥주','Hug Me','허그미','https://firebasestorage.googleapis.com/v0/b/ssafy-01-beer-image.appspot.com/o/%ED%97%88%EA%B7%B8%EB%AF%B8_medium_-removebg-preview.png?alt=media&token=f3ba8a37-c290-498e-bb29-3c8d3e513c6a',5.5,10),(187,'가볍게 느껴지는 맛과 약간의 달콤함과 산미를 느낄 수 있는 맥주','Hoegaarden','호가든','https://firebasestorage.googleapis.com/v0/b/ssafy-01-beer-image.appspot.com/o/%ED%98%B8%EA%B0%80%EB%93%A0_medium_-removebg-preview.png?alt=media&token=27b36000-0d28-4720-a176-4f1c82ea3153',4.9,10),(188,'호가든 본연의 산뜻함에 청포도의 상쾌한 달콤함을 더한 것이 특징','Hoegaarden green grape','호가든 그린 그레이프','https://firebasestorage.googleapis.com/v0/b/ssafy-01-beer-image.appspot.com/o/%ED%98%B8%EA%B0%80%EB%93%A0_%EA%B7%B8%EB%A6%B0_%EA%B7%B8%EB%A0%88%EC%9D%B4%ED%94%84_medium_-removebg-preview.png?alt=media&token=aa10812b-1f87-488d-9cd7-c10328d0b0c4',3.5,10),(189,'핑크빛 밀맥주로 부드러운 맛과 함게 섬세한 라즈베리색을 가진 맥주','Hoegaarden Rose','호가든 로제','https://firebasestorage.googleapis.com/v0/b/ssafy-01-beer-image.appspot.com/o/%ED%98%B8%EA%B0%80%EB%93%A0_%EB%A1%9C%EC%A0%9C_medium_-removebg-preview.png?alt=media&token=b060a8c3-f141-46d4-bb40-c2ae9070ec8e',3,10),(190,'특유의 쌉싸름하며 크리미한 쓴 맛과 목넘김의 달콤한 풍미가 조화롭게 블렌딩된 맥주','Hobgoblin','홉 고블린','https://firebasestorage.googleapis.com/v0/b/ssafy-01-beer-image.appspot.com/o/%ED%99%89%EA%B3%A0%EB%B8%94%EB%A6%B0_%EC%BA%94_medium_-removebg-preview.png?alt=media&token=401d8799-dd4e-4a3d-8ef1-c391a1554912',5.2,1),(191,'홉의 싱그러운 향과 입안가득 느껴지는 몰트향, 시트러스한 상쾌함이 느껴지는 맥주','Hobgoblin Gold','홉 고블린 골드','https://firebasestorage.googleapis.com/v0/b/ssafy-01-beer-image.appspot.com/o/%ED%99%89%EA%B3%A0%EB%B8%94%EB%A6%B0_%EA%B3%A8%EB%93%9C_%EC%BA%94_medium_-removebg-preview.png?alt=media&token=8e7887fc-fc92-4e9f-b788-28aee1f0d3d8',4.5,14),(192,'시트러스 향이 강하지만 전체적으로 부드럽고, 끝맛이 고소하면서 깔끔하게 끝나는 맥주','Heung-Chung-Mang-Chung','흥청망청','https://firebasestorage.googleapis.com/v0/b/ssafy-01-beer-image.appspot.com/o/%ED%9D%A5%EC%B2%AD%EB%A7%9D%EC%B2%AD-removebg-preview.png?alt=media&token=7e5b23cf-652a-49e0-8d51-873ebddefea8',5,22),(193,'새콤달콤한 패션후르츠와 열대과일의 크리미한 향이 느껴지는 마티니 칵테일','All Shook Up Passion Fruit Martini','All Shook Up 패션후르츠 마티니','https://firebasestorage.googleapis.com/v0/b/ssafy-01-beer-image.appspot.com/o/All_Shook_Up_%ED%8C%A8%EC%85%98%ED%9B%84%EB%A5%B4%EC%B8%A0_%EB%A7%88%ED%8B%B0%EB%8B%88_medium_-removebg-preview-removebg-preview.png?alt=media&token=ba1bb701-1de8-4e38-a0e3-dd95',4.5,29),(194,'열대과일향이 기분좋게 느껴지는 하와이안 칵테일','All Shook Up Hawaiian Daiquiri','All Shook Up 하와이안 다이키리','https://firebasestorage.googleapis.com/v0/b/ssafy-01-beer-image.appspot.com/o/All_Shook_Up_%ED%95%98%EC%99%80%EC%9D%B4%EC%95%88_%EB%8B%A4%EC%9D%B4%ED%82%A4%EB%A6%AC_medium_-removebg-preview.png?alt=media&token=eed764d8-931b-450c-a9e5-df7271357ef1',4.5,29),(195,'페일 에일을 한국식으로 재해석한 맥주. 봄풀이 떠오르는 쌉쌀한 맛과 감귤과 솔의 쾌청한 향이 산뜻한 조화를 이루는 맥주. 고소한 보리 향이 만드는 마무리가 특징','ARK','아크','https://firebasestorage.googleapis.com/v0/b/ssafy-01-beer-image.appspot.com/o/ARK-removebg-preview.png?alt=media&token=f0d80c8e-ce70-463b-af6e-11299e966f3e',5,2),(196,'달달한 라즈베리와 은은한 민트향이 담긴 모히또 칵테일','Shake Baby Shake Raspberry Mojito','Shake Baby Shake  라즈베리 모히또','https://firebasestorage.googleapis.com/v0/b/ssafy-01-beer-image.appspot.com/o/Shake_Baby_Shake__%EB%9D%BC%EC%A6%88%EB%B2%A0%EB%A6%AC_%EB%AA%A8%ED%9E%88%EB%98%90_medium_-removebg-preview.png?alt=media&token=75fef8e6-d8c4-4fa2-bd4a-fd3d0fe119b1',4,29),(197,'파인애플과 패션후르츠가 섞인, 열대과일 주스 맛의 마티니','Shake Baby Shake Passion Fruit Martini','Shake Baby Shake  패션후르츠 마티니','https://firebasestorage.googleapis.com/v0/b/ssafy-01-beer-image.appspot.com/o/Shake_Baby_Shake__%ED%8C%A8%EC%85%98%ED%9B%84%EB%A5%B4%EC%B8%A0_%EB%A7%88%ED%8B%B0%EB%8B%88_medium_-removebg-preview.png?alt=media&token=f729977c-18a5-470d-8ee9-582722f1a130',4,29);

INSERT INTO `beer_has_aroma_hash_tag`(beer_has_aroma_hash_tag_id, aroma_hash_tag_id, beer_id) VALUES (1,19,1),(2,12,3),(3,19,6),(4,12,6),(5,27,7),(6,16,8),(7,21,8),(8,19,9),(9,12,10),(10,19,11),(11,2,11),(12,19,12),(13,2,13),(14,3,13),(15,25,14),(16,20,15),(17,12,16),(18,12,17),(19,17,18),(20,12,18),(21,21,19),(22,3,19),(23,2,20),(24,19,20),(25,7,21),(26,12,22),(27,27,23),(28,12,23),(29,19,23),(30,21,24),(31,10,24),(32,12,25),(33,10,26),(34,27,27),(35,19,28),(36,19,29),(37,12,29),(38,19,30),(39,12,30),(40,9,31),(41,5,32),(42,7,32),(43,16,33),(44,17,34),(45,7,35),(46,3,35),(47,12,36),(48,10,37),(49,3,37),(50,2,38),(51,12,38),(52,12,39),(53,19,40),(54,12,41),(55,19,41),(56,19,42),(57,2,42),(58,17,43),(59,19,43),(60,7,45),(61,12,46),(62,12,47),(63,13,48),(64,13,49),(65,12,50),(66,12,51),(67,19,52),(68,12,53),(69,19,53),(70,12,55),(71,4,57),(72,19,58),(73,4,58),(74,4,59),(75,26,59),(76,19,60),(77,12,60),(78,4,61),(79,19,61),(80,26,62),(81,4,62),(82,3,64),(83,12,65),(84,19,66),(85,13,67),(86,19,68),(87,12,68),(88,19,69),(89,19,70),(90,26,70),(91,12,70),(92,5,71),(93,7,71),(94,12,72),(95,14,72),(96,12,74),(97,2,74),(98,13,76),(99,12,77),(100,12,79),(101,12,80),(102,12,81),(103,23,82),(104,27,83),(105,19,84),(106,2,85),(107,7,86),(108,5,86),(109,12,87),(110,2,87),(111,12,89),(112,4,89),(113,19,90),(114,29,90),(115,19,91),(116,3,91),(117,19,92),(118,8,92),(119,14,93),(120,19,94),(121,13,95),(122,1,96),(123,2,97),(124,3,97),(125,4,97),(127,26,98),(128,21,98),(129,16,98),(130,16,99),(131,12,99),(132,4,99),(133,12,100),(134,29,101),(135,26,101),(136,16,101),(137,6,101),(138,2,101),(139,19,102),(140,17,103),(141,19,104),(142,19,105),(143,2,106),(144,2,107),(145,7,108),(146,3,108),(147,7,108),(148,12,109),(149,20,109),(150,21,109),(151,19,110),(152,3,111),(153,4,111),(154,12,111),(155,12,112),(156,9,113),(157,5,113),(158,16,113),(159,12,114),(160,20,115),(161,23,116),(162,27,116),(163,19,116),(164,3,117),(165,19,118),(166,2,118),(167,3,119),(168,5,119),(169,9,119),(170,12,120),(171,27,121),(172,20,122),(173,5,123),(174,17,124),(175,16,124),(176,2,124),(177,4,124),(178,12,125),(179,21,126),(180,19,126),(181,2,126),(182,12,127),(183,21,128),(184,19,128),(185,2,128),(186,23,129),(187,2,129),(188,12,129),(189,19,130),(190,19,131),(191,19,132),(192,2,132),(193,12,133),(194,19,133),(195,19,134),(196,2,135),(197,17,136),(198,19,137),(199,2,137),(200,19,138),(201,12,139),(202,4,139),(203,9,142),(204,2,143),(205,12,143),(206,4,144),(207,27,144),(208,19,145),(209,20,145),(210,20,147),(211,2,147),(212,4,148),(213,14,148),(214,2,148),(215,19,149),(216,12,149),(217,27,150),(218,3,151),(219,5,151),(220,3,152),(221,19,153),(222,2,154),(223,19,155),(224,27,156),(225,20,157),(226,10,157),(227,12,158),(228,12,159),(229,12,160),(230,12,161),(231,27,162),(232,23,163),(233,19,165),(234,2,165),(235,27,168),(236,23,169),(237,7,170),(238,3,170),(239,4,171),(240,12,171),(241,19,172),(242,19,173),(243,12,174),(244,20,175),(245,26,175),(246,1,176),(247,12,177),(248,1,178),(249,1,179),(250,5,180),(251,19,180),(252,19,182),(253,19,183),(254,19,185),(255,19,186),(256,19,187),(257,28,188),(258,19,189),(259,19,190),(261,19,192),(262,19,193),(263,19,195),(264,14,195),(265,18,196);

INSERT INTO `beer_has_flavor_hash_tag`(beer_has_flavor_hash_tag_id, beer_id, flavor_hash_tag_id) VALUES (1,1,8),(2,1,11),(3,2,11),(4,3,10),(5,3,8),(6,5,10),(7,6,8),(8,6,2),(9,7,12),(10,8,11),(11,8,1),(12,9,2),(13,10,1),(14,10,2),(15,11,1),(16,12,11),(17,13,8),(18,13,1),(19,14,1),(20,15,1),(21,16,2),(22,17,1),(23,17,2),(24,18,11),(25,19,3),(26,19,1),(27,20,13),(28,21,11),(29,21,8),(30,22,11),(31,23,2),(32,24,9),(33,25,11),(34,27,12),(35,28,11),(36,29,11),(37,30,11),(38,31,2),(39,32,2),(40,32,1),(41,33,10),(42,34,11),(43,34,8),(44,35,1),(45,36,2),(46,36,1),(47,37,1),(48,37,11),(49,38,6),(50,39,11),(51,40,8),(52,40,1),(53,41,11),(54,41,2),(55,42,9),(56,43,13),(57,44,13),(58,45,13),(59,46,8),(60,46,11),(61,47,2),(62,47,11),(63,49,11),(64,49,8),(65,50,11),(66,50,8),(67,51,2),(68,52,8),(69,53,8),(70,54,11),(71,55,2),(72,56,2),(73,56,10),(74,57,12),(75,58,1),(76,59,13),(77,60,11),(78,61,8),(79,62,1),(80,63,8),(81,64,1),(82,64,13),(83,65,11),(84,65,9),(85,66,1),(86,66,11),(87,67,1),(88,68,1),(89,68,8),(90,69,1),(91,69,9),(92,71,8),(93,72,13),(94,73,13),(95,74,2),(96,74,5),(97,75,10),(98,75,13),(99,76,13),(100,76,1),(101,77,11),(102,78,11),(103,78,8),(104,79,1),(105,79,11),(106,80,1),(107,80,11),(108,81,8),(109,81,3),(110,82,12),(111,83,1),(112,83,10),(113,84,1),(114,84,10),(115,85,1),(116,85,3),(117,86,11),(118,87,13),(119,88,11),(120,89,11),(121,90,1),(122,92,6),(123,92,13),(124,93,13),(125,94,12),(126,95,6),(127,95,3),(128,95,2),(129,95,7),(130,96,2),(131,96,6),(132,97,13),(133,98,6),(134,99,11),(135,99,8),(136,100,8),(137,101,11),(138,102,1),(139,102,6),(140,103,8),(141,104,9),(142,104,11),(143,105,8),(144,106,13),(145,107,1),(146,108,8),(147,108,11),(148,109,8),(149,109,2),(150,111,1),(151,112,3),(152,112,8),(153,113,2),(154,113,11),(155,114,2),(156,115,3),(157,115,2),(158,116,1),(159,116,8),(160,117,8),(161,118,11),(162,119,1),(163,120,2),(164,120,1),(165,121,9),(166,123,11),(167,123,9),(168,123,1),(169,124,1),(170,124,8),(171,125,1),(172,125,5),(173,126,1),(174,127,2),(175,127,1),(176,128,3),(177,129,13),(178,129,2),(179,130,2),(180,131,3),(181,131,6),(182,132,3),(183,133,11),(184,134,1),(185,135,6),(186,135,2),(187,136,8),(188,136,1),(189,137,1),(190,138,3),(191,139,1),(192,139,8),(193,140,2),(194,140,3),(195,141,13),(196,142,8),(197,142,2),(198,143,8),(199,143,1),(200,144,8),(201,144,1),(202,145,3),(203,146,13),(204,147,8),(205,147,1),(206,148,1),(207,148,9),(208,149,1),(209,150,1),(210,150,9),(211,151,1),(212,151,8),(213,152,1),(214,152,8),(215,153,9),(216,153,8),(217,154,1),(218,155,1),(219,155,9),(220,156,1),(221,157,1),(222,158,2),(223,159,13),(224,160,1),(225,162,1),(226,163,1),(227,168,1),(228,169,1),(229,170,1),(230,171,2),(231,172,9),(232,173,6),(233,174,1),(234,175,6),(235,176,7),(236,178,13),(237,179,6),(238,180,1),(239,181,3),(240,182,9),(241,183,9),(242,184,13),(243,185,9),(244,186,7),(245,187,4),(246,188,1),(247,189,1),(248,190,6),(250,192,9),(251,193,12),(252,195,11),(253,196,1),(254,197,1);